GPS Time, Device Time, Longitude, Latitude,GPS Speed (Meters/second), Horizontal Dilution of Precision, Altitude, Bearing, G(x), G(y), G(z), G(calibrated), Fuel Remaining (Calculated from vehicle profile)(%),Engine Load(%),Engine Load(Absolute)(%),Kilometers Per Litre(Instant)(kpl),Kilometers Per Litre(Long Term Average)(kpl),Litres Per 100 Kilometer(Instant)(l/100km),Litres Per 100 Kilometer(Long Term Average)(l/100km),Trip average KPL(kpl),Trip average Litres/100 KM(l/100km),Actual engine % torque(%),Drivers demand engine % torque(%),Engine reference torque(Nm),CO₂ in g/km (Instantaneous)(g/km),CO₂ in g/km (Average)(g/km),GPS vs OBD Speed difference(km/h),Trip Distance(km),Trip distance (stored in vehicle profile)(km),Engine RPM(rpm),GPS Accuracy(m),GPS Altitude(m),GPS Latitude(°),GPS Longitude(°),GPS Bearing(°),GPS Satellites,Percentage of Idle driving(%),Percentage of Highway driving(%),Percentage of City driving(%),Throttle Position(Manifold)(%),Absolute Throttle Position B(%),Accelerator PedalPosition D(%),Accelerator PedalPosition E(%),Accelerator PedalPosition F(%),Relative Throttle Position(%),Relative Accelerator Pedal Position(%),Ambient air temp(°C),Trip time(whilst stationary)(s),Trip Time(Since journey start)(s),Run time since engine start(s),Trip time(whilst moving)(s),Speed (GPS)(km/h),Speed (OBD)(km/h),Average trip speed(whilst stopped or moving)(km/h),Average trip speed(whilst moving only)(km/h)
Tue Oct 08 12:52:46 GMT+02:00 2019,08-ott-2019 12:52:45.160,14.24204928,41.59944809,5.29,18.224,520.9361572265625,136.7,-0.69065857,5.90953064,7.0789032,-0.03837162,-,-,-,-,19.7199707,-,5.07095718,-,-,-,-,-,-,-,21,0.00319667,289.15505981,-,18.22400093,-,-,-,-,0,0,0,100,-,-,-,-,-,-,-,-,0,0,-,0.55000001,-,21,21,21
Tue Oct 08 12:52:46 GMT+02:00 2019,08-ott-2019 12:52:45.432,14.24204928,41.59944809,5.29,18.224,520.9361572265625,136.7,-0.36743164,8.10021973,8.17066956,-0.01860289,-,-,-,-,19.7199707,-,5.07095718,-,-,-,-,-,-,-,22,0.00481514,289.15667725,-,18.22400093,-,-,-,-,0,0,0,100,-,-,-,-,-,-,-,-,0,0,-,0.82200003,-,22,21.33333397,21.33333397
Tue Oct 08 12:52:48 GMT+02:00 2019,08-ott-2019 12:52:47.476,14.2421463,41.59929146,5.86,12.864,518.6610107421875,144.6,-0.82232666,7.25746155,6.71499634,0.03037614,-,52.94117737,-,0,16.42009544,-,6.08997154,-,-,-,-,-,-,-,23,0.01099014,289.16287231,1387.5,12.86400032,518.66101074,41.59929276,14.24214649,144.6000061,11,0,0,100,-,-,-,-,-,-,4.70588255,22,0,2,-,2.6099999,21.09600067,23,21.75,21.75
Tue Oct 08 12:52:54 GMT+02:00 2019,08-ott-2019 12:52:53.281,14.24230022,41.5991317,4.72,10.72,493.53851318359375,142.2,-5.2252655,5.34928894,4.54823303,-0.03321443,-11.52698898,40.39215851,-,17.19038391,16.42016602,5.81708479,6.08994579,17.19038391,5.81708479,-,-,-,153.86178589,153.86178589,2.90399933,0.02200903,289.17388916,1474,10.72000027,493.53851318,41.59913254,14.24230003,142.19999695,13,0,0,100,-,-,7.84313726,7.84313726,-,-,0,22,0,8,144,8.51599979,16.99199867,24,22.20000076,22.20000076
Tue Oct 08 12:53:00 GMT+02:00 2019,08-ott-2019 12:52:59.207,14.24253487,41.59884918,6.6,13.936001,492.6090087890625,145.1,-1.33229065,6.85523987,6.8394928,-0.01027462,-11.52698898,64.31372833,-,20.04380226,16.42049408,4.9889698,6.0898242,18.61709213,5.37129641,-,-,-,131.9581604,142.90997314,2.00800133,0.02200903,289.17388916,1106.5,13.93600082,492.60900879,41.59885025,14.24253464,145.1000061,12,0,0,100,-,-,18.8235302,18.4313736,-,-,7.84313726,22,0,14,150,14.5170002,23.75999832,19,21.66666603,21.66666603
Tue Oct 08 12:53:06 GMT+02:00 2019,08-ott-2019 12:53:05.588,14.24289282,41.59836227,8.98,9.648001,518.36767578125,145.1,-0.1950531,6.30935669,5.96081543,0.09114183,-11.52698898,62.74509811,-,10.22372246,16.41993332,9.78096962,6.0900321,15.81930256,6.3212595,-,-,-,258.70648193,181.50880432,7.24000168,0.02200903,289.17388916,1881,9.64800072,518.36767578,41.59836197,14.24289322,145.1000061,12,0,0,100,-,-,18.8235302,18.03921509,-,-,9.01960754,22,0,20,156,20.53800011,32.32799911,31,23,23
Tue Oct 08 12:53:09 GMT+02:00 2019,08-ott-2019 12:53:08.171,14.24306258,41.59814324,8.16,10.72,516.0398559570312,146.4,2.23266602,8.20556641,4.24417114,-0.02569625,-11.52698898,0,-,17.03910637,16.41998863,5.86873055,6.0900116,16.12425423,6.20170832,-,-,-,155.22781372,174.93856812,1.67200089,0.02200903,289.17388916,1787.5,10.72000027,516.03985596,41.59814453,14.24306297,146.3999939,13,0,0,100,-,-,7.84313726,7.84313726,-,-,0,21,0,23,160,23.71100044,29.37599945,29,23.75,23.75
Tue Oct 08 12:53:10 GMT+02:00 2019,08-ott-2019 12:53:09.548,14.24311378,41.59807438,8.29,12.864,514.582763671875,147.2,2.28533936,7.52801514,3.91137695,-0.06904083,-11.52698898,20.3921566,-,181.2480011,16.42013741,0,6.08995628,16.51180077,6.05614901,-,-,-,0,139.95085144,8.37599945,0.03996736,289.1918335,839,12.86400032,514.58276367,41.59807587,14.24311352,147.19999695,14,0,0,100,-,-,7.84313726,7.84313726,-,-,0,21,0,25,161,25.08399963,29.84399986,21,23.44444466,23.44444466
Tue Oct 08 12:53:11 GMT+02:00 2019,08-ott-2019 12:53:10.914,14.24314496,41.59804933,6.5,15.008,514.1945190429688,141.0,3.68833923,7.42027283,4.93130493,0.01426353,-11.52794456,22.74509811,-,67.64109039,16.42028618,1.47836053,6.08990145,16.77019119,5.96283674,-,-,-,39.10261154,123.14280701,7.39999962,0.0469768,289.19885254,852.5,15.00800037,514.19451904,41.59804916,14.24314499,141,13,0,0,100,-,-,7.84313726,7.84313726,-,-,0,21,0,26,163,26.45199966,23.39999962,16,22.70000076,22.70000076
Tue Oct 08 12:53:13 GMT+02:00 2019,08-ott-2019 12:53:12.286,14.24314731,41.59800915,3.97,15.008,513.2289428710938,149.4,3.04908752,7.25746155,6.15953064,0.01954406,-11.52889633,20.3921566,-,47.15888596,16.42043495,2.12044716,6.08984613,16.95478058,5.8979187,-,-,-,56.08578491,113.56323242,3.9119997,0.05230847,289.2041626,842,15.00800037,513.22894287,41.59801102,14.2431469,149.3999939,15,0,0,100,-,-,7.84313726,7.84313726,-,-,0,21,0,27,164,27.82500076,14.29199982,12,21.72727203,21.72727203
Tue Oct 08 12:53:14 GMT+02:00 2019,08-ott-2019 12:53:13.657,14.24310723,41.59797138,3.14,11.792,512.679931640625,164.4,2.69714355,8.25105286,4.09333801,-0.01463228,-11.52981949,22.74509811,-,40.13618851,16.42058372,2.49146533,6.08979082,17.09324265,5.85014343,-,-,-,-,113.56323242,11.29199982,0.05515639,289.20703125,803.5,11.79199982,512.67993164,41.59797287,14.24310684,164.3999939,14,3.65841126,0,96.34159088,-,-,7.84313726,7.84313726,-,-,0,21,0,29,165,29.19300079,11.3039999,3,20.16666603,20.16666603
Tue Oct 08 12:53:15 GMT+02:00 2019,08-ott-2019 12:53:14.958,14.24311999,41.59797208,1.79,11.792,512.46728515625,158.9,3.27175903,7.87516785,3.28410339,-0.04947388,-11.53072643,22.74509811,-,9.26696396,16.41993523,10.79079628,6.09003115,16.2236557,6.16371059,-,-,-,-,113.56323242,6.44399977,0.05515639,289.20703125,776.5,11.79199982,512.46728516,41.59797287,14.24312019,158.8999939,16,7.77781439,0,92.22218323,-,-,7.84313726,7.84313726,-,-,0,21,0.97500002,30,167,29.52199936,6.44399977,0,18.61538506,20.16666603
Tue Oct 08 12:53:17 GMT+02:00 2019,08-ott-2019 12:53:16.432,14.24318269,41.59796885,0.33,9.648001,517.0516967773438,127.9,2.35716248,8.46414185,4.34233093,-0.02323424,-11.53167534,24.31372643,-,0,16.41986465,-,6.09005737,16.14640045,6.19320202,-,-,-,-,113.56323242,2.08799982,0.05515639,289.20703125,779.5,9.64800072,517.05169678,41.59796906,14.24318314,127.90000153,15,12.03240299,0,87.96759796,-,-,7.84313726,7.84313726,-,-,0,21,2.45000005,31,168,29.52199936,1.18799996,0,17.2857151,20.16666603
Tue Oct 08 12:53:18 GMT+02:00 2019,08-ott-2019 12:53:17.608,14.24315779,41.59798009,0.0,8.576,516.8276977539062,0.0,3.33639526,7.79855347,3.20748901,-0.02335962,-11.5325861,23.52941132,-,0,16.41979408,-,6.0900836,16.07650375,6.22012854,-,-,-,-,113.56323242,1.18799996,0.05515639,289.20703125,783.5,8.57600021,516.82769775,41.5979805,14.24315739,0,15,15.15069199,0,84.8493042,-,-,7.84313726,7.84313726,-,-,0,21,3.625,33,169,29.52199936,0,0,16.13333321,20.16666603
Tue Oct 08 12:53:20 GMT+02:00 2019,08-ott-2019 12:53:19.024,14.24316559,41.59798205,0.41,7.504,519.9429931640625,139.6,2.65644836,9.17521667,3.10214233,-0.02557041,-11.53335667,81.5686264,-,0,16.41972351,-,6.09010983,16.01270676,6.24491024,-,-,-,-,113.56323242,0,0.05515639,289.20703125,784.5,7.50400019,519.94299316,41.5979805,14.24316597,139.6000061,14,18.62685585,0,81.37314606,-,-,7.84313726,7.84313726,-,-,0,21,5.04099989,34,171,29.52199936,1.47599995,0,15.125,20.16666603
Tue Oct 08 12:53:21 GMT+02:00 2019,08-ott-2019 12:53:20.560,14.24317448,41.59798047,0.41,6.432,522.256591796875,59.4,2.61094666,7.53518677,4.21064758,-0.01929292,-11.53812885,43.13725662,-,0,16.41965294,-,6.09013605,15.95405293,6.26786947,-,-,-,-,113.56323242,1.52400005,0.05515639,289.20703125,1315.5,6.43200016,522.2565918,41.5979805,14.24317455,59.40000153,15,22.08061981,0,77.91938019,-,-,25.49019623,7.84313726,-,-,0.39215687,21,5.34700012,36,172,30.74799919,1.47599995,3,14.4117651,18.84615326
Tue Oct 08 12:53:22 GMT+02:00 2019,08-ott-2019 12:53:21.884,14.24316665,41.59797523,0.71,7.504,522.371826171875,189.4,3.77932739,7.39154053,3.91616821,-0.00479605,-11.53952885,21.56862831,-,4.14210844,16.41854286,24.1417923,6.09054804,15.11034298,6.61784601,-,-,-,-,113.56323242,3.44400024,0.05686764,289.20874023,835,7.50400019,522.37182617,41.59797668,14.24316692,189.3999939,16,22.44788933,0,77.55210876,-,-,7.84313726,7.84313726,-,-,0,22,5.34700012,37,174,32.07300186,2.55599976,6,13.94444466,17.9285717
Tue Oct 08 12:53:25 GMT+02:00 2019,08-ott-2019 12:53:24.584,14.24315623,41.59798461,0.0,4.288,520.8829956054688,0.0,2.64207458,8.6867981,2.82441711,-0.00848505,-11.54054356,21.96078491,-,18.90590096,16.41876793,5.2892437,6.09046459,15.36337948,6.50884914,-,-,-,-,113.56323242,4,0.05893847,289.21081543,790,4.28800011,520.88299561,41.59798431,14.24315643,0,16,26.50115967,0,73.49884033,-,-,16.07843208,15.68627453,-,-,5.49019623,22,5.34700012,40,175,34.77199936,0,4,13.42105293,17
Tue Oct 08 12:53:28 GMT+02:00 2019,08-ott-2019 12:53:26.989,14.24314887,41.59793252,2.57,4.288,523.6746215820312,184.7,1.09063721,7.75067139,3.79167175,-0.00750378,-11.54290485,81.96078491,-,10.17077637,16.41820335,9.83188629,6.09067392,15.0388422,6.64930964,-,-,-,-,113.56323242,8.8760004,0.06586555,289.21774292,1078.5,4.28800011,523.67462158,41.59793091,14.2431488,184.69999695,18,27.21971321,0,72.7802887,-,-,23.13725471,22.35294151,-,-,13.33333397,22,5.34700012,42,179,37.18099976,9.25199986,11,13.30000019,16.625
Tue Oct 08 12:53:30 GMT+02:00 2019,08-ott-2019 12:53:29.082,14.2431393,41.59785315,4.57,4.288,522.9155883789062,173.1,1.23188782,8.0355835,5.9871521,-0.0129026,-11.54957771,34.90196228,-,3.98838282,16.41707993,25.07229805,6.09109068,14.38881493,6.94969797,-,-,-,-,113.56323242,6.74800014,0.0731668,289.22503662,1810,4.28800011,522.91558838,41.59785461,14.24313927,173.1000061,17,25.94294167,0,74.05706024,-,-,9.8039217,7.84313726,-,-,9.4117651,22,5.34700012,44,181,39.27399826,16.45199966,16,13.4285717,16.58823586
Tue Oct 08 12:53:31 GMT+02:00 2019,08-ott-2019 12:53:30.555,14.24315716,41.59780559,4.75,4.288,520.7496948242188,144.3,0.05393982,8.20556641,4.93370056,0.0127147,-11.55125999,55.68627548,-,28.62523842,16.41818237,3.49334788,6.09068155,15.17972755,6.58759642,-,-,-,92.39899445,110.91770172,0.45199966,0.08077569,289.2326355,914.5,4.28800011,520.74969482,41.59780502,14.24315739,144.30000305,17,25.11553192,0,74.88446808,-,-,16.86274529,16.47058868,-,-,6.66666698,22,5.34700012,46,182,40.74399948,17.10000038,16,13.54545498,16.55555534
Tue Oct 08 12:53:33 GMT+02:00 2019,08-ott-2019 12:53:32.367,14.24325858,41.59775019,4.97,3.216,521.4806518554688,96.7,-0.07295227,8.02360535,4.20587158,-0.02404204,-11.55364037,74.90196228,-,12.5284853,16.41783142,7.98164511,6.09081173,15.04018879,6.64871454,-,-,-,211.11436462,122.05066681,0.39600182,0.08870903,289.24057007,1176,3.21600008,521.48065186,41.59775162,14.24325848,96.69999695,19,24.16550064,0,75.83449554,-,-,17.64705849,17.25490189,-,-,6.66666698,22,5.34700012,47,184,42.55599976,17.89199829,18,13.73913002,16.63157845
Tue Oct 08 12:53:34 GMT+02:00 2019,08-ott-2019 12:53:33.897,14.2433377,41.59770796,6.19,4.288,522.5596313476562,77.4,2.97247314,8.72990417,3.77012634,-0.02075854,-11.55737972,78.03921509,-,8.87148952,16.41714859,11.27183056,6.09106493,14.73175335,6.78791714,-,-,-,298.13970947,139.65957642,4.10800171,0.09792013,289.24978638,1381,4.28800011,522.55963135,41.59770966,14.24333763,77.40000153,19,23.41802788,0,76.58197021,-,-,18.4313736,18.03921509,-,-,8.23529434,22,5.34700012,49,185,44.08499908,22.2840004,22,14.08333302,16.89999962
Tue Oct 08 12:53:36 GMT+02:00 2019,08-ott-2019 12:53:35.572,14.24347577,41.59773943,6.44,4.288,524.95068359375,76.6,4.41139221,8.63652039,6.44204712,0.20580798,-11.56155968,50.19607925,-,9.06130981,16.41648483,11.03570175,6.09131145,14.46173286,6.91465712,-,-,-,291.89413452,153.49906921,6.98400116,0.10853,289.26040649,1610,4.28800011,524.95068359,41.59774017,14.24347591,76.59999847,19,22.65051842,0,77.34947968,-,-,7.84313726,7.84313726,-,-,0,22,5.34700012,51,187,45.75999832,23.18400002,27,14.60000038,17.38095284
Tue Oct 08 12:53:38 GMT+02:00 2019,08-ott-2019 12:53:37.382,14.24365004,41.59779607,6.72,4.288,526.51025390625,78.5,3.11853027,7.76742554,5.28804016,-0.01126698,-11.56419754,0,-,19.76525688,16.41678619,5.05927753,6.0911994,14.7028017,6.80128336,-,-,-,133.8177948,151.85896301,0.33200073,0.12033722,289.2722168,1608.5,4.28800011,526.51025391,41.59779739,14.24365044,78.5,17,21.87535477,0,78.12464905,-,-,7.84313726,7.84313726,-,-,0,22,5.34700012,52,189,47.57099915,24.19199944,26,15.03846169,17.77272797
Tue Oct 08 12:53:40 GMT+02:00 2019,08-ott-2019 12:53:39.071,14.24381895,41.59781928,6.37,5.36,526.658203125,74.1,3.48962402,7.37478638,5.59210205,0.02728087,-11.56419754,1.96078432,-,181.2480011,16.41693497,0,6.09114408,14.84870052,6.73445606,-,-,-,0,140.17750549,3.19199944,0.13234833,289.28421021,1309.5,5.36000013,526.65820312,41.59782028,14.24381924,74.09999847,17,21.19913483,0,78.80086517,-,-,7.84313726,7.84313726,-,-,0,22,5.34700012,54,191,49.25899887,22.93199921,21,15.25925922,17.91304398
Tue Oct 08 12:53:42 GMT+02:00 2019,08-ott-2019 12:53:41.649,14.24389767,41.59783294,3.14,4.288,525.91796875,84.0,3.44413757,7.83447266,4.45726013,-0.00145175,-11.56419754,18.4313736,-,181.2480011,16.41708374,0,6.09108925,14.98244762,6.67433834,-,-,-,0,130.16482544,9.93199921,0.14107028,289.29293823,861,4.28800011,525.91796875,41.59783173,14.24389744,84,17,20.2430706,0,79.75692749,-,-,7.84313726,7.84313726,-,-,0,22,5.34700012,57,193,51.83800125,11.3039999,13,15.1785717,17.70833397
Tue Oct 08 12:53:45 GMT+02:00 2019,08-ott-2019 12:53:44.289,14.2438745,41.59784401,0.0,3.216,527.030029296875,0.0,2.34759521,8.19360352,4.46682739,-0.01734926,-11.56603146,21.17647171,-,45.8164444,16.41723251,2.18257689,6.09103441,15.10550117,6.61996698,-,-,-,-,130.16482544,0,0.14107028,289.29293823,836.5,3.21600008,527.0300293,41.59784317,14.24387455,0,15,21.52074432,0,78.47925568,-,-,7.84313726,7.84313726,-,-,0,22,6.64599991,59,196,53.18000031,0,0,14.65517235,17.70833397
Tue Oct 08 12:53:46 GMT+02:00 2019,08-ott-2019 12:53:45.669,14.24387856,41.5978456,0.0,3.216,526.9786376953125,0.0,1.97648621,7.67645264,3.29606628,-0.02286042,-11.56763935,23.92156982,-,0,16.41716194,-,6.09106016,15.07783508,6.63211393,-,-,-,-,130.16482544,0,0.14107028,289.29293823,766,3.21600008,526.9786377,41.59784698,14.24387836,0,14,23.28769302,0,76.71230316,-,-,16.07843208,16.86274529,-,-,0,22,8.02400017,61,197,53.18000031,0,0,14.16666698,17.70833397
Tue Oct 08 12:53:48 GMT+02:00 2019,08-ott-2019 12:53:47.433,14.24389704,41.59784594,0.97,10.72,527.597900390625,88.7,2.04353333,9.3260498,3.0422821,-0.02419163,-11.569417,75.29412079,-,0,16.41709137,-,6.09108639,15.05124283,6.64383125,-,-,-,-,130.16482544,3,0.14107028,289.29293823,822.5,10.72000027,527.59790039,41.59784698,14.24389744,88.69999695,13,25.81960106,0,74.18039703,-,-,14.90196133,17.25490189,-,-,3.13725495,22,8.92000008,62,199,54.3730011,3.4920001,3,13.8064518,17.12000084
Tue Oct 08 12:53:50 GMT+02:00 2019,08-ott-2019 12:53:49.111,14.24397265,41.59785938,3.96,10.72,528.184814453125,86.3,1.54553223,8.05952454,3.46844482,-0.07281971,-11.57237911,89.41176605,-,1.85465097,16.4157753,53.91738129,6.09157467,14.57993603,6.85859776,-,-,-,-,130.16482544,7.5079999,0.1440375,289.29589844,1156,10.72000027,528.18481445,41.59785843,14.24397278,86.30000305,14,25.62066078,0,74.37934113,-,-,22.35294151,21.96078491,-,-,12.54901981,22,8.92000008,64,201,56.05099869,14.25599957,11,13.71875,16.88461494
Tue Oct 08 12:53:51 GMT+02:00 2019,08-ott-2019 12:53:50.757,14.24402199,41.59787693,4.28,10.72,528.5943603515625,84.1,2.49124146,8.16487122,4.3686676,-0.01380579,-11.57835865,15.68627453,-,4.07916832,16.41466141,24.51429176,6.09198809,14.21784019,7.03327036,-,-,-,-,130.16482544,1.74400043,0.15091875,289.30279541,1218.5,10.72000027,528.59436035,41.5978775,14.24402237,84.09999847,14,24.98761559,0,75.01238251,-,-,7.84313726,7.84313726,-,-,0,22,8.92000008,66,202,57.6969986,15.40799999,16,13.78787899,16.85185242
Tue Oct 08 12:53:53 GMT+02:00 2019,08-ott-2019 12:53:52.569,14.24411451,41.59789918,4.16,10.72,528.348388671875,83.0,2.00761414,8.34443665,3.53788757,-0.03033622,-11.57933712,21.96078491,-,70.20496368,16.41481018,1.42437112,6.09193325,14.34578323,6.97054434,-,-,-,37.67459106,123.99881744,0.22799969,0.15794542,289.30981445,778,10.72000027,528.34838867,41.59790039,14.24411488,83,15,24.32665443,0,75.67334747,-,-,19.6078434,19.2156868,-,-,9.4117651,22,8.92000008,68,204,59.50699997,14.97599888,15,13.82352924,16.7857151
Tue Oct 08 12:53:54 GMT+02:00 2019,08-ott-2019 12:53:53.934,14.24417204,41.59791158,4.69,10.72,527.14697265625,81.5,1.3946991,8.93101501,3.81561279,-0.03843141,-11.58179092,90.98039246,-,23.08581543,16.415411,4.33157396,6.09170961,14.62771988,6.83619308,-,-,-,114.5700531,123.40951538,3.11600113,0.16605376,289.31793213,1149.5,10.72000027,527.14697266,41.59791183,14.2441721,81.5,16,23.85052872,0,76.14946747,-,-,20.7843132,20,-,-,10.58823586,22,8.92000008,69,206,60.8730011,16.88399887,20,14,16.89655113
Tue Oct 08 12:53:59 GMT+02:00 2019,08-ott-2019 12:53:58.004,14.24461818,41.59799221,8.53,10.72,524.1234130859375,77.3,2.2183075,7.98291016,3.95446777,-0.02207798,-11.59086704,48.62745285,-,6.10289049,16.41448021,16.38533783,6.09205484,14.36131954,6.96300364,-,-,-,433.39187622,141.64376831,0.95600128,0.18904974,289.34091187,1675,10.72000027,524.12341309,41.59799194,14.24461842,77.30000305,15,22.53509712,0,77.46490479,-,-,7.84313726,7.84313726,-,-,5.88235283,22,8.92000008,73,210,64.9469986,30.70799828,29,14.41666698,17.29999924
Tue Oct 08 12:54:00 GMT+02:00 2019,08-ott-2019 12:53:59.652,14.24471834,41.59800487,8.78,10.72,524.731201171875,77.3,3.61412048,7.47055054,5.02468872,-0.03133768,-11.59625626,16.47058868,-,21.30143738,16.41492271,4.69442129,6.09189129,14.57162571,6.86250973,-,-,-,124.16735077,140.67286682,1.29200172,0.20781571,289.35968018,1240.5,10.72000027,524.73120117,41.59800339,14.24471855,77.30000305,15,22.04330254,0,77.95669556,-,-,7.84313726,7.84313726,-,-,0,22,8.92000008,75,211,66.59500122,31.60799789,32,14.89189148,17.77419281
Tue Oct 08 12:54:02 GMT+02:00 2019,08-ott-2019 12:54:01.346,14.24492772,41.59804708,8.8,9.648001,524.6239013671875,76.0,2.6229248,7.60940552,4.06221008,-0.01088542,-11.59766579,1.56862748,-,94.25331879,16.41506958,1.06094861,6.09183645,14.67411995,6.8145771,-,-,-,28.06207085,134.74597168,0.11199951,0.22388682,289.37576294,1208,9.64800072,524.62390137,41.59804535,14.24492741,76,16,21.56077957,0,78.43921661,-,-,7.84313726,7.84313726,-,-,0,22,8.92000008,76,213,68.28500366,31.68000031,32,15.34210491,18.21875
Tue Oct 08 12:54:04 GMT+02:00 2019,08-ott-2019 12:54:02.997,14.24508596,41.59808821,7.46,9.648001,523.85986328125,75.2,3.03233337,7.85122681,4.22262573,-0.02112895,-11.59766579,4.31372547,-,181.2480011,16.41521835,0,6.09178114,14.77076149,6.76999092,-,-,-,0,128.00868225,3.68000031,0.23652849,289.38839722,1069,9.64800072,523.85986328,41.59808731,14.24508572,75.19999695,16,21.10856056,0,78.89144135,-,-,7.84313726,7.84313726,-,-,0,22,8.92000008,78,215,69.93900299,26.85599899,28,15.66666698,18.51515198
Tue Oct 08 12:54:05 GMT+02:00 2019,08-ott-2019 12:54:04.154,14.24518128,41.59809933,7.52,9.648001,523.7329711914062,76.6,2.49363708,8.15289307,4.88821411,-0.02001683,-11.59766579,18.8235302,-,181.2480011,16.41536713,0,6.0917263,14.86203861,6.72841215,-,-,-,0,121.9130249,0.85599899,0.24735849,289.39923096,1006.5,9.64800072,523.73297119,41.59809875,14.24518108,76.59999847,16,20.80411911,0,79.19587708,-,-,15.29411793,14.90196133,-,-,4.70588255,22,8.92000008,79,216,71.09300232,27.0719986,26,15.92500019,18.73529434
Tue Oct 08 12:54:06 GMT+02:00 2019,08-ott-2019 12:54:05.789,14.24526455,41.59811596,7.77,9.648001,522.3490600585938,76.9,1.98127747,8.63412476,4.06221008,-0.02902289,-11.5987606,100,-,68.32061768,16.41551399,1.46365654,6.09167147,14.94838619,6.68954611,-,-,-,38.7136879,118.13124084,1.9280014,0.25782377,289.40969849,1075.5,9.64800072,522.34906006,41.59811783,14.24526501,76.90000153,15,20.38751793,0,79.61248016,-,-,18.4313736,18.03921509,-,-,8.23529434,22,8.92000008,81,217,72.72799683,27.97200012,29,16.24390221,19.02857208
Tue Oct 08 12:54:08 GMT+02:00 2019,08-ott-2019 12:54:07.156,14.24545968,41.59818978,9.13,10.72,523.4354858398438,71.2,2.86235046,7.95896912,4.42134094,-0.01743128,-11.60373211,87.05882263,-,10.42150879,16.41497421,9.59533978,6.09187222,14.82925797,6.74328566,-,-,-,253.79656982,124.02973175,2.29200172,0.27052516,289.4223938,1239,10.72000027,523.43548584,41.59819031,14.24545956,71.19999695,15,20.05155563,0,79.94844055,-,-,16.07843208,7.84313726,-,-,6.66666698,22,8.92000008,82,219,74.09600067,32.86800003,33,16.6428566,19.41666603
Tue Oct 08 12:54:09 GMT+02:00 2019,08-ott-2019 12:54:08.547,14.24557926,41.59821307,9.78,9.648001,524.39013671875,71.4,2.9772644,7.75546265,5.20903015,-0.00238202,-11.60715485,9.01960754,-,15.64840126,16.41490364,6.39029598,6.09189796,14.85026169,6.73374796,-,-,-,169.02322388,125.90445709,3.13199997,0.28364474,289.43551636,1367.5,9.64800072,524.39013672,41.5982132,14.24557972,71.40000153,14,19.7208786,0,80.2791214,-,-,7.84313726,7.84313726,-,-,0,22,8.92000008,84,220,75.48799896,35.20799637,36,17.0930233,19.86486435
Tue Oct 08 12:54:11 GMT+02:00 2019,08-ott-2019 12:54:10.463,14.24579956,41.59825674,9.56,10.72,524.097900390625,70.7,2.55349731,7.05874634,3.94250488,0.01629997,-11.60856819,1.17647064,-,176.88824463,16.41505241,0.56531692,6.09184265,14.93041515,6.69759846,-,-,-,14.95262241,121.46638489,1.30799866,0.29939014,289.45126343,1282,10.72000027,524.09790039,41.59825516,14.24580002,70.69999695,13,19.2824955,0,80.71750641,-,-,7.84313726,7.84313726,-,-,0,22,8.92000008,86,222,77.40699768,34.41600037,33,17.45454597,20.21052551
Tue Oct 08 12:54:12 GMT+02:00 2019,08-ott-2019 12:54:12.149,14.24590636,41.5982876,9.3,11.792,523.4564208984375,68.9,2.40026855,8.184021,3.9855957,-0.02363821,-11.60856819,8.23529434,-,181.2480011,16.41520119,0,6.09178782,15.00666237,6.6635685,-,-,-,0,116.79460144,2.41600037,0.31444848,289.46630859,1219,11.79199982,523.4564209,41.59828949,14.24590683,68.90000153,13,18.91333008,0,81.08666992,-,-,18.4313736,16.86274529,-,-,8.23529434,22,8.92000008,87,224,79.09200287,33.47999954,32,17.77777863,20.5128212
Tue Oct 08 12:54:12 GMT+02:00 2019,08-ott-2019 12:54:13.486,14.24590636,41.5982876,9.3,11.792,523.4564208984375,68.9,2.95092773,7.90629578,4.04785156,-0.01315851,-11.61031723,7.84313726,-,156.32469177,16.41534805,0.63968092,6.09173298,15.07928276,6.63147736,-,-,-,16.91954803,113.09552765,0.52000046,0.32984847,289.48171997,1248.5,11.79199982,523.4564209,41.59828949,14.24590683,68.90000153,13,18.6319828,0,81.3680191,-,-,7.84313726,17.25490189,-,-,0,22,8.92000008,89,225,80.42099762,33.47999954,34,18.13043404,20.85000038
Tue Oct 08 12:54:16 GMT+02:00 2019,08-ott-2019 12:54:15.488,14.24632995,41.59838683,9.46,12.864,522.4524536132812,66.2,3.331604,7.46815491,4.03826904,-0.05130213,-11.61168766,84.70588684,-,175.71903992,16.41549683,0.56907845,6.09167814,15.14852905,6.60116386,-,-,-,15.05211449,109.59397888,1.52000046,0.34415638,289.49603271,1333,12.86400032,522.45245361,41.59838867,14.24633026,66.19999695,14,18.22282028,0,81.7771759,-,-,14.50980377,7.84313726,-,-,5.88235283,22,8.92000008,91,227,82.42700195,34.05599976,35,18.48936081,21.19512177
Tue Oct 08 12:54:17 GMT+02:00 2019,08-ott-2019 12:54:16.675,14.24643819,41.59842167,9.84,12.864,521.2459106445312,65.8,3.331604,7.46815491,4.03826904,-0.05130213,-11.61652851,0.78431374,-,16.89992905,16.4155407,5.91706133,6.09166193,15.18833351,6.58386374,-,-,-,156.50616455,111.2116394,1.94400024,0.36227125,289.51412964,1381.5,12.86400032,521.24591064,41.598423,14.24643803,65.80000305,13,17.98925781,0,82.01074219,-,-,7.84313726,7.84313726,-,-,0,22,8.92000008,92,228,83.61299896,35.42399979,36,18.85416603,21.54761887
Tue Oct 08 12:54:18 GMT+02:00 2019,08-ott-2019 12:54:17.639,14.24654449,41.5984538,9.8,12.864,520.87744140625,65.8,3.331604,7.46815491,4.03826904,-0.05130213,-11.61652851,0.78431374,-,181.2480011,16.41568756,0,6.09160662,15.25208378,6.55634451,-,-,-,0,107.50458527,0.27999878,0.37318751,289.52505493,1335.5,12.86400032,520.87744141,41.59845352,14.24654484,65.80000305,15,17.8026371,0,82.19736481,-,-,7.84313726,7.84313726,-,-,0,22,8.92000008,93,229,84.58300018,35.27999878,35,19.18367386,21.860466
Tue Oct 08 12:54:19 GMT+02:00 2019,08-ott-2019 12:54:18.601,14.24664082,41.59848719,9.29,12.864,520.5321044921875,66.4,3.331604,7.46815491,4.03826904,-0.05130213,-11.61652851,1.17647064,-,181.2480011,16.41583633,0,6.09155178,15.31306553,6.53023529,-,-,-,0,104.03669739,0.55599976,0.38237792,289.53424072,1283,12.86400032,520.53210449,41.59848785,14.24664116,66.40000153,15,17.62152863,0,82.37847137,-,-,7.84313726,7.84313726,-,-,0,22,8.92000008,94,230,85.54399872,33.44400024,34,19.47999954,22.13636398
Tue Oct 08 12:54:20 GMT+02:00 2019,08-ott-2019 12:54:19.680,14.24673923,41.5985121,9.14,11.792,520.8854370117188,66.5,2.51039124,8.11936951,3.98080444,-0.02615945,-11.61652851,16.47058868,-,181.2480011,16.41598511,0,6.09149694,15.37145615,6.50542927,-,-,-,0,100.78554535,0.44400024,0.39130196,289.54318237,1232.5,11.79199982,520.88543701,41.59851074,14.24673939,66.5,15,17.42252159,0,82.5774765,-,-,7.84313726,7.84313726,-,-,0,22,8.92000008,95,231,86.6230011,32.90399933,33,19.74509811,22.3777771
Tue Oct 08 12:54:21 GMT+02:00 2019,08-ott-2019 12:54:20.648,14.24684647,41.59854652,9.08,11.792,520.5763549804688,66.1,1.98846436,6.27105713,6.65513611,0.01349384,-11.617239,9.01960754,-,136.79820251,16.41613197,0.7309885,6.09144211,15.42741776,6.48183155,-,-,-,19.33463287,98.31733704,0.68799973,0.40103391,289.55288696,850.5,11.79199982,520.57635498,41.59854507,14.2468462,66.09999847,16,17.24831009,0,82.7516861,-,-,7.84313726,7.84313726,-,-,0,22,8.92000008,96,232,87.58799744,32.68799973,32,19.98077011,22.58695602
Tue Oct 08 12:54:22 GMT+02:00 2019,08-ott-2019 12:54:21.615,14.24694303,41.59858375,8.58,11.792,518.98583984375,65.3,3.2693634,7.89671326,4.67752075,-0.01279805,-11.6180954,0,-,169.56608582,16.41628075,0.5897283,6.09138727,15.48109722,6.45935583,-,-,-,15.59830379,95.8844223,2.88799858,0.40911725,289.56097412,1187.5,11.79199982,518.98583984,41.59858322,14.24694347,65.30000305,16,17.07737541,0,82.92262268,-,-,7.84313726,7.84313726,-,-,0,22,8.92000008,97,233,88.55400085,30.88799858,28,20.13207626,22.70212746
Tue Oct 08 12:54:23 GMT+02:00 2019,08-ott-2019 12:54:22.710,14.24701549,41.5986381,8.36,11.792,519.6026000976562,64.5,3.04908752,8.04754639,3.72702026,-0.00854647,-11.6180954,0,-,181.2480011,16.41642761,0,6.09133244,15.53263378,6.43792439,-,-,-,0,93.14486694,4.88799858,0.41630226,289.56817627,1600,11.79199982,519.6026001,41.59863663,14.24701595,64.5,17,16.88697624,0,83.11302185,-,-,12.15686321,11.76470566,-,-,0.39215687,22,8.92000008,98,234,89.65299988,30.09599876,26,20.24073982,22.77083397
Tue Oct 08 12:54:24 GMT+02:00 2019,08-ott-2019 12:54:23.685,14.24708482,41.59866309,6.73,10.72,519.287109375,64.1,4.59095764,7.60940552,6.08291626,0.00066952,-11.6180954,8.23529434,-,181.2480011,16.41657639,0,6.09127712,15.58215237,6.41746521,-,-,-,0,90.55751038,0.22799873,0.42401755,289.57589722,1448.5,10.72000027,519.28710938,41.59866333,14.24708462,64.09999847,18,16.7222538,0,83.27774811,-,-,7.84313726,7.84313726,-,-,0,22,8.92000008,99,235,90.62400055,24.22799873,24,20.30909157,22.79591751
Tue Oct 08 12:54:25 GMT+02:00 2019,08-ott-2019 12:54:24.640,14.24715475,41.59868546,6.19,10.72,519.7227783203125,63.5,4.56222534,6.42428589,6.90412903,0.09480822,-11.61903191,12.15686321,-,124.49835968,16.41672516,0.80320674,6.09122229,15.62976933,6.39791393,-,-,-,21.24480438,88.68419647,5.22799873,0.42972699,289.581604,1215.5,10.72000027,519.72277832,41.59868622,14.24715519,63.5,18,16.56268883,0,83.43730927,-,-,7.84313726,7.84313726,-,-,0,22,8.92000008,100,236,91.58300018,22.2840004,19,20.2857151,22.71999931
Tue Oct 08 12:54:26 GMT+02:00 2019,08-ott-2019 12:54:25.724,14.24717988,41.59869581,3.7,10.72,518.1759033203125,63.3,2.89825439,7.43223572,4.27529907,-0.01690049,-11.61967087,18.4313736,-,102.09399414,16.41687202,0.97946918,6.09116745,15.67559242,6.37921143,-,-,-,25.90694237,87.03216553,7.31999969,0.43305686,289.58493042,847,10.72000027,518.17590332,41.59869766,14.24717999,63.29999924,18,16.38660049,0,83.61340332,-,-,7.84313726,7.84313726,-,-,0,22,8.92000008,101,237,92.66300201,13.31999969,6,20.03508759,22.3921566
Tue Oct 08 12:54:27 GMT+02:00 2019,08-ott-2019 12:54:26.684,14.24722861,41.59871169,3.37,10.72,515.5104370117188,62.8,3.00120544,7.63334656,3.64801025,-0.06593233,-11.62040901,20.3921566,-,21.6289959,16.41734123,4.62332678,6.0909934,15.78584099,6.3346591,-,-,-,-,87.03216553,12.13199902,0.43305686,289.58493042,827,10.72000027,515.51043701,41.59871292,14.24722862,62.79999924,18,16.90900421,0,83.09099579,-,-,7.84313726,7.84313726,-,-,0,22,9.61299992,102,238,92.93000031,12.13199902,0,19.6896553,22.3921566
Tue Oct 08 12:54:28 GMT+02:00 2019,08-ott-2019 12:54:27.643,14.2472521,41.59871585,2.65,10.72,515.2202758789062,63.1,2.81924438,8.55990601,2.63287354,-0.02468884,-11.62104988,12.94117641,-,0,16.41727066,-,6.09101963,15.77217293,6.34014845,-,-,-,-,87.03216553,9.53999996,0.43305686,289.58493042,808,10.72000027,515.22027588,41.59871674,14.24725246,63.09999847,19,17.67967987,0,82.32032013,-,-,7.84313726,7.84313726,-,-,0,22,10.57299995,103,239,92.93000031,9.53999996,0,19.35593224,22.3921566
Tue Oct 08 12:54:29 GMT+02:00 2019,08-ott-2019 12:54:28.724,14.24724804,41.59871617,1.67,11.792,515.1307983398438,63.7,2.65644836,8.33964539,4.17474365,-0.0123878,-11.62218857,55.29411697,-,0,16.417202,-,6.09104538,15.75876141,6.34554434,-,-,-,-,87.03216553,3.01199961,0.43305686,289.58493042,1124,11.79199982,515.13079834,41.59871674,14.2472477,63.70000076,19,18.53055954,0,81.46944427,-,-,7.84313726,7.84313726,-,-,0,22,10.92099953,104,240,93.66300201,6.01199961,3,19.08333397,22.01922989
Tue Oct 08 12:54:30 GMT+02:00 2019,08-ott-2019 12:54:29.714,14.24725857,41.59871284,1.38,11.792,515.0642700195312,63.4,2.95332336,7.94219971,4.65837097,-0.00892098,-11.62334728,20,-,3.19511676,16.4160099,31.29711151,6.09148741,15.53834629,6.43555737,-,-,-,-,87.03216553,0.96799994,0.43413603,289.58599854,771.5,11.79199982,515.06427002,41.59871292,14.24725819,63.40000153,19,19.29375839,0,80.70623779,-,-,7.84313726,7.84313726,-,-,0,22,10.92099953,105,241,94.65200043,4.96799994,4,18.83606529,21.679245
Tue Oct 08 12:54:32 GMT+02:00 2019,08-ott-2019 12:54:31.785,14.24724572,41.59870238,0.42,10.72,516.699951171875,63.5,3.2406311,7.70758057,2.66400146,-0.01939309,-11.62398243,21.96078491,-,14.1534996,16.41580582,7.06524372,6.09156322,15.5144701,6.44546175,-,-,-,-,87.03216553,1.48399997,0.43506658,289.58694458,783,10.72000027,516.69995117,41.59870148,14.24724579,63.5,19,20.84943581,0,79.1505661,-,-,7.84313726,7.84313726,-,-,0,22,10.92099953,107,243,96.72699738,1.51199996,1,18.54838753,21.29629707
Tue Oct 08 12:54:33 GMT+02:00 2019,08-ott-2019 12:54:32.864,14.24723137,41.59870063,0.0,11.792,516.5993041992188,0.0,2.32125854,9.01719666,2.49879456,-0.01860945,-11.62531471,59.2156868,-,3.27556205,16.41462326,30.52847672,6.09200239,15.30703068,6.53280973,-,-,-,-,87.03216553,0,0.43506658,289.58694458,830,11.79199982,516.5993042,41.59870148,14.24723148,0,16,21.63203812,0,78.3679657,-,-,17.64705849,17.25490189,-,-,7.45098066,22,11.68000031,108,245,97.04299927,0,0,18.25396919,21.29629707
Tue Oct 08 12:54:34 GMT+02:00 2019,08-ott-2019 12:54:33.824,14.2472307,41.5987014,0.0,11.792,516.6484985351562,0.0,2.62532043,8.96691895,2.24980164,-0.0013479,-11.62709236,80,-,0,16.41455269,-,6.09202862,15.29488277,6.53799868,-,-,-,-,87.03216553,4,0.43506658,289.58694458,1324.5,11.79199982,516.64849854,41.59870148,14.24723053,0,14,22.31795311,0,77.68204498,-,-,16.86274529,16.47058868,-,-,6.66666698,22,11.92000008,109,246,97.76300049,0,4,18.03125,20.98181725
Tue Oct 08 12:54:35 GMT+02:00 2019,08-ott-2019 12:54:34.793,14.24726424,41.59871161,0.69,11.792,516.7025756835938,61.9,2.11535645,8.30851746,4.44767761,-0.01223302,-11.62914371,13.72549057,-,2.14615655,16.41326714,46.59395218,6.09250546,15.07932949,6.63145685,-,-,-,-,87.03216553,5.51599979,0.43668324,289.58856201,1205.5,11.79199982,516.70257568,41.59871292,14.24726391,61.90000153,16,22.34824181,0,77.65175629,-,-,7.84313726,7.84313726,-,-,0,22,11.92000008,110,247,98.73300171,2.48399997,8,17.87692261,20.75
Tue Oct 08 12:54:36 GMT+02:00 2019,08-ott-2019 12:54:35.887,14.24720534,41.59871209,0.33,11.792,516.9271850585938,62.6,2.60855103,7.67405701,3.45887756,-0.01643978,-11.62973881,54.11764908,-,41.99328232,16.41341591,2.38128376,6.09245062,15.12731743,6.61041975,-,-,-,-,87.03216553,6.81200027,0.43883878,289.59069824,767.5,11.79199982,516.92718506,41.59871292,14.24720573,62.59999847,16,22.12945366,0,77.87054443,-,-,18.4313736,17.64705849,-,-,8.23529434,22,11.92000008,111,248,99.82700348,1.18799996,8,17.72727203,20.52631569
Tue Oct 08 12:54:37 GMT+02:00 2019,08-ott-2019 12:54:36.864,14.24726822,41.59872355,2.19,10.72,516.0702514648438,64.4,2.73066711,7.40112305,4.14122009,-0.01016988,-11.63151741,42.74509811,-,5.57425451,16.41243935,17.93924522,6.09281254,14.9756813,6.67735338,-,-,-,-,87.03216553,0.11600018,0.44125655,289.59313965,1472.5,10.72000027,516.07025146,41.59872437,14.24726868,64.40000153,15,21.93784714,0,78.06214905,-,-,7.84313726,7.84313726,-,-,0,22,11.92000008,112,249,100.8030014,7.88399982,8,17.58209038,20.3103447
Tue Oct 08 12:54:38 GMT+02:00 2019,08-ott-2019 12:54:37.855,14.24729128,41.59873536,2.69,10.72,516.6139526367188,66.8,2.12014771,7.57350159,4.29444885,-0.01202989,-11.63256931,6.27450991,-,9.40006256,16.41180801,10.63800621,6.09304714,14.8885622,6.71642542,-,-,-,-,87.03216553,1.68400002,0.44340989,289.59527588,1178,10.72000027,516.61395264,41.59873581,14.24729156,66.80000305,15,21.74685478,0,78.25314331,-,-,9.01960754,16.07843208,-,-,30.98039246,22,11.92000008,113,250,101.79299927,9.68400002,8,17.44117737,20.10169411
Tue Oct 08 12:54:39 GMT+02:00 2019,08-ott-2019 12:54:38.937,14.24731058,41.59874627,2.18,10.72,516.1228637695312,69.0,2.10098267,8.57188416,4.87863159,-0.01077886,-11.6338253,0.39215687,-,40.58495331,16.41195679,2.4639163,6.09299231,14.93724632,6.69453526,-,-,-,-,87.03216553,0.84800005,0.4454703,289.59735107,1077.5,10.72000027,516.12286377,41.59874725,14.24731064,69,17,21.54150391,0,78.45849609,-,-,7.84313726,7.84313726,-,-,0,22,11.92000008,114,251,102.8769989,7.84800005,7,17.28985596,19.88333321
Tue Oct 08 12:54:40 GMT+02:00 2019,08-ott-2019 12:54:39.907,14.24733188,41.59875462,2.0,10.72,515.2974853515625,70.2,2.78094482,7.36999512,3.75814819,-0.02044312,-11.6338253,25.88235283,-,181.2480011,16.41210365,0,6.09293747,14.98445702,6.67344332,-,-,-,-,87.03216553,2.19999981,0.44728696,289.59915161,758,10.72000027,515.29748535,41.59875488,14.24733162,70.19999695,17,21.98486519,0,78.01513672,-,-,7.84313726,7.84313726,-,-,0,22,11.92000008,115,252,103.84600067,7.19999981,5,17.11428642,19.63934517
Tue Oct 08 12:54:43 GMT+02:00 2019,08-ott-2019 12:54:42.079,14.24737722,41.59877649,1.84,10.72,513.085693359375,73.7,2.55349731,9.76419067,2.12290955,0.00602851,-11.63451672,50.58823776,-,13.04221058,16.41180038,7.66725206,6.09305,14.95546818,6.68637848,-,-,-,-,87.03216553,0.93199968,0.44953695,289.60140991,787.5,10.72000027,513.08569336,41.59877777,14.2473774,73.69999695,17,23.42422485,0,76.57577515,-,-,25.09803963,26.66666794,-,-,12.54901981,22,11.92000008,117,254,106.02200317,6.62400007,4,16.92957687,19.38709641
Tue Oct 08 12:54:44 GMT+02:00 2019,08-ott-2019 12:54:43.164,14.24741127,41.59878479,3.63,9.648001,514.350830078125,76.8,2.44335938,8.73947144,3.4828186,-0.03062707,-11.63969326,100,-,1.94646549,16.41049767,51.37410355,6.09353352,14.7641592,6.77301836,-,-,-,-,87.03216553,7.37599993,0.45287946,289.60473633,1437,9.64800072,514.35083008,41.5987854,14.24741173,76.80000305,18,23.41396141,0,76.58603668,-,-,30.58823586,29.01960754,-,-,21.96078491,22,11.92000008,118,255,107.10299683,13.06799984,14,16.88888931,19.30158806
Tue Oct 08 12:54:45 GMT+02:00 2019,08-ott-2019 12:54:44.124,14.24750269,41.59880115,5.18,9.648001,514.7083740234375,80.3,2.56546021,8.36358643,3.70068359,-0.01272804,-11.6473732,0,-,2.19819832,16.40921974,45.49085617,6.09400845,14.58204365,6.85760641,-,-,-,1203.2322998,115.65267944,6.93200016,0.45797947,289.60983276,2046.5,9.64800072,514.70837402,41.59880066,14.24750233,80.30000305,19,23.22662354,0,76.77337646,-,-,7.84313726,10.1960783,-,-,0,22,11.92000008,119,256,108.06300354,18.64799881,20,16.93150711,19.3125
Tue Oct 08 12:54:46 GMT+02:00 2019,08-ott-2019 12:54:45.083,14.24755755,41.59880431,5.15,9.648001,514.0376586914062,78.1,0.46574402,8.38752747,4.95285034,-0.0234695,-11.6473732,59.2156868,-,181.2480011,16.40936661,0,6.09395361,14.63158798,6.83438587,-,-,-,0,112.76136017,0.35200119,0.46316865,289.61505127,1140,9.64800072,514.03765869,41.59880447,14.24755764,78.09999847,19,23.04225922,0,76.95774078,-,-,19.2156868,16.86274529,-,-,9.01960754,22,11.92000008,120,257,109.02300262,18.53999901,19,16.9594593,19.30769157
Tue Oct 08 12:54:47 GMT+02:00 2019,08-ott-2019 12:54:46.193,14.24759802,41.59883747,5.33,9.648001,512.478759765625,62.8,0.94219971,7.83924866,4.56021118,-0.0171378,-11.6489439,53.33333588,-,13.36918163,16.40909386,7.47973347,6.09405518,14.61380768,6.84270144,-,-,-,197.83882141,114.83642578,0.46000099,0.46838838,289.62026978,1218,9.64800072,512.47875977,41.59883881,14.24759769,62.79999924,19,22.83270454,0,77.16729736,-,-,14.90196133,14.50980377,-,-,4.70588255,22,11.92000008,121,258,110.13300323,19.18799973,19,16.98666573,19.30303001
Tue Oct 08 12:54:48 GMT+02:00 2019,08-ott-2019 12:54:47.160,14.24765067,41.59885956,6.08,9.648001,513.43701171875,46.8,-0.11125183,8.42822266,5.88180542,0.03488314,-11.6503706,73.33333588,-,16.38328362,16.40909195,6.10365582,6.09405565,14.63838387,6.831213,-,-,-,161.4415741,115.94606781,0.18799973,0.4740831,289.62594604,1242.5,9.64800072,513.43701172,41.59885788,14.2476511,46.79999924,18,22.65267563,0,77.34732819,-,-,16.47058868,16.07843208,-,-,6.27450991,22,11.92000008,122,259,111.10299683,21.88799858,19,17.0131588,19.29850769
Tue Oct 08 12:54:49 GMT+02:00 2019,08-ott-2019 12:54:48.123,14.2476676,41.5989042,5.66,9.648001,514.8601684570312,11.9,-0.03463745,8.17443848,4.72779846,-0.00066835,-11.65222168,71.76470947,-,11.05282593,16.40860939,9.04727173,6.09423494,14.58926678,6.85421181,-,-,-,239.30018616,118.81476593,1.88799858,0.47933185,289.63119507,1294.5,9.64800072,514.86016846,41.59890366,14.24766731,11.89999962,19,22.47727585,0,77.52272797,-,-,16.86274529,16.07843208,-,-,6.27450991,22,11.92000008,123,260,112.06300354,20.37599945,20,17.05194855,19.30882263
Tue Oct 08 12:54:50 GMT+02:00 2019,08-ott-2019 12:54:49.204,14.24766117,41.59896508,6.28,9.648001,516.0200805664062,348.1,0.1257782,8.16247559,5.36465454,0.00483154,-11.65411282,67.84313965,-,11.21299839,16.40814209,8.91803551,6.09440851,14.54364109,6.8757143,-,-,-,235.88188171,121.47538757,0.62400055,0.4848156,289.63668823,1356,9.64800072,516.02008057,41.59896469,14.24766159,348.1000061,19,22.28316879,0,77.71682739,-,-,16.86274529,16.07843208,-,-,6.27450991,22,11.92000008,124,261,113.14299774,22.6079998,21,17.10256386,19.33333397
Tue Oct 08 12:54:51 GMT+02:00 2019,08-ott-2019 12:54:50.166,14.24762477,41.59901721,6.45,9.648001,515.615478515625,329.3,-0.31954956,8.22950745,5.3407135,0.01846601,-11.65621185,63.52941132,-,11.8978653,16.40773582,8.4046936,6.09455919,14.50836468,6.89243221,-,-,-,222.30400085,123.71601868,0.3920002,0.49139726,289.64328003,1443,9.64800072,515.61547852,41.5990181,14.2476244,329.29998779,20,22.11289787,0,77.88710022,-,-,17.64705849,17.64705849,-,-,7.45098066,22,11.92000008,125,262,114.10600281,23.21999931,23,17.17721558,19.38571358
Tue Oct 08 12:54:52 GMT+02:00 2019,08-ott-2019 12:54:51.138,14.24757253,41.59904829,6.3,9.648001,516.4159545898438,298.0,-0.23335266,8.19120789,4.87623596,-0.00896966,-11.65811348,74.50980377,-,12.83634472,16.40741539,7.7902174,6.0946784,14.48636436,6.90289974,-,-,-,206.05111694,125.50591278,0.78000069,0.49773574,289.64959717,1516.5,9.64800072,516.41595459,41.59904861,14.2475729,298,20,21.94365311,0,78.05635071,-,-,18.03921509,17.64705849,-,-,7.84313726,22,11.92000008,126,263,115.07800293,22.68000031,24,17.26250076,19.45070457
Tue Oct 08 12:54:53 GMT+02:00 2019,08-ott-2019 12:54:52.221,14.24748017,41.59906219,7.01,9.648001,516.8556518554688,280.4,4.28689575,8.65328979,2.2258606,0.02921039,-11.66056061,69.80392456,-,10.59699345,16.40689278,9.43644238,6.09487247,14.435853,6.92705345,-,-,-,249.59373474,128.14608765,3.31999969,0.50445104,289.65631104,1607.5,9.64800072,516.85565186,41.59906387,14.24748039,280.3999939,20,21.73706245,0,78.26293945,-,-,18.4313736,18.4313736,-,-,7.84313726,22,11.92000008,127,264,116.28500366,25.23600006,26,17.37037086,19.54166603
Tue Oct 08 12:54:55 GMT+02:00 2019,08-ott-2019 12:54:54.503,14.24730365,41.5991365,7.81,9.648001,516.7124633789062,303.1,3.1257019,8.63652039,3.12608337,-0.01569146,-11.66340828,95.6862793,-,12.16146088,16.40651131,8.2225256,6.0950141,14.40669346,6.94107342,-,-,-,217.48564148,130.00732422,2.76399994,0.51478606,289.66665649,1719,9.64800072,516.71246338,41.59913635,14.24730396,303.1000061,21,21.35740852,0,78.64259338,-,-,25.09803963,24.31372643,-,-,15.68627453,21,11.92000008,130,266,118.56400299,28.11599922,28,17.5,19.65753365
Tue Oct 08 12:54:56 GMT+02:00 2019,08-ott-2019 12:54:55.463,14.247233,41.59919115,8.88,9.648001,517.48046875,313.8,1.52638245,8.72271729,3.82519531,-0.01319426,-11.67522144,99.60784149,-,5.9589963,16.40557289,16.78100014,6.09536314,14.29976082,6.99297857,-,-,-,443.85714722,136.41241455,5.88400078,0.53181022,289.6836853,1983,9.64800072,517.48046875,41.59918976,14.24723339,313.79998779,20,21.20142365,0,78.79857635,-,-,25.09803963,24.31372643,-,-,15.29411793,21,11.92000008,130,267,119.52400208,31.96800041,34,17.69879532,19.85135078
Tue Oct 08 12:54:57 GMT+02:00 2019,08-ott-2019 12:54:56.438,14.24714276,41.59925651,9.63,9.648001,516.1527099609375,313.3,1.88311768,8.13374329,4.61288452,-0.0085498,-11.68142509,0,-,5.97392845,16.40463448,16.73905563,6.09571171,14.19568825,7.0442462,-,-,-,442.74771118,142.53912354,4.03199959,0.54128939,289.69314575,2178.5,9.64800072,516.15270996,41.59925461,14.24714279,313.29998779,20,21.0453186,0,78.9546814,-,-,7.84313726,7.84313726,-,-,0,21,11.92000008,131,268,120.49900055,34.66799927,36,17.91666603,20.06666756
Tue Oct 08 12:54:58 GMT+02:00 2019,08-ott-2019 12:54:57.523,14.24705602,41.59931887,10.05,9.648001,516.9065551757812,309.4,2.06268311,8.45455933,3.41816711,-0.02228982,-11.68142509,100,-,181.2480011,16.40478134,0,6.09565687,14.24321175,7.02074242,-,-,-,0,139.74424744,2.33200073,0.5510633,289.70294189,1441,9.64800072,516.90655518,41.59931946,14.24705601,309.3999939,20,20.87428093,0,79.12571716,-,-,26.66666794,23.92156982,-,-,17.64705849,21,11.92000008,133,269,121.58399963,36.18000031,37,18.14117622,20.28947449
Tue Oct 08 12:54:59 GMT+02:00 2019,08-ott-2019 12:54:58.483,14.24696307,41.59937402,10.36,9.648001,517.6094360351562,307.2,3.10176086,7.99726868,4.38304138,0.00092322,-11.68737316,70.98039246,-,7.47366381,16.40397835,13.38004017,6.09595537,14.16065598,7.06167269,-,-,-,353.90182495,143.86265564,2.81999969,0.56243163,289.71429443,1484,9.64800072,517.60943604,41.59937286,14.2469635,307.20001221,20,20.72494125,0,79.27505493,-,-,15.68627453,7.84313726,-,-,8.62745094,21,11.92000008,134,270,122.54599762,37.29599762,39,18.3837204,20.53246689
Tue Oct 08 12:55:00 GMT+02:00 2019,08-ott-2019 12:54:59.448,14.24685961,41.59942768,10.81,9.648001,517.3281860351562,305.9,3.19992065,8.10501099,4.23220825,-0.01182001,-11.68999958,8.23529434,-,15.85286522,16.40392876,6.30787659,6.09597349,14.18104458,7.05152035,-,-,-,166.84321594,144.29624939,2.70400238,0.5731076,289.72497559,1496.5,9.64800072,517.32818604,41.59942627,14.24685955,305.8999939,19,20.57696342,0,79.42303467,-,-,7.84313726,7.84313726,-,-,0,21,11.92000008,134,271,123.51300049,38.91600037,40,18.63218307,20.78205109
Tue Oct 08 12:55:01 GMT+02:00 2019,08-ott-2019 12:55:00.552,14.24675743,41.59948773,10.66,9.648001,517.5494995117188,305.9,4.09057617,7.79136658,4.66555786,-0.02398166,-11.69120598,0.39215687,-,162.16323853,16.40407753,0.61664975,6.09591866,14.22703552,7.02872515,-,-,-,16.31037521,141.92614746,0.91600037,0.58372426,289.7355957,1460,9.64800072,517.54949951,41.5994873,14.24675751,305.8999939,20,20.41073418,0,79.58926392,-,-,7.84313726,7.84313726,-,-,0,21,11.92000008,136,272,124.61599731,38.37599945,38,18.85227203,21
Tue Oct 08 12:55:02 GMT+02:00 2019,08-ott-2019 12:55:01.512,14.24667039,41.5995418,9.82,9.648001,517.431640625,308.1,-3.30271912,3.90557861,7.16030884,-0.04541716,-11.69120598,0.78431374,-,181.2480011,16.4042244,0,6.09586382,14.27194691,7.00660706,-,-,-,0,139.34567261,2.37599945,0.59479344,289.74667358,1377,9.64800072,517.43164062,41.59954071,14.24667072,308.1000061,16,20.26822662,0,79.73177338,-,-,7.84313726,7.84313726,-,-,0,21,11.92000008,137,273,125.5759964,35.35199738,36,19.04494476,21.1875
Tue Oct 08 12:55:03 GMT+02:00 2019,08-ott-2019 12:55:02.787,14.24659251,41.59958807,9.19,9.648001,516.1119384765625,309.3,-1.60284424,6.96058655,7.88336182,0.01838402,-11.69120598,1.17647064,-,181.2480011,16.40437126,0,6.09580898,14.31581497,6.98513603,-,-,-,0,136.85734558,1.35199738,0.60413647,289.75601196,1305.5,9.64800072,516.11193848,41.59958649,14.24659252,309.29998779,13,20.0818615,0,79.9181366,-,-,7.84313726,7.84313726,-,-,0,21,11.92000008,138,274,126.85199738,33.08399582,34,19.21111107,21.34567833
Tue Oct 08 12:55:07 GMT+02:00 2019,08-ott-2019 12:55:06.084,14.24629224,41.59976747,7.88,12.864,518.1015014648438,309.5,1.85198975,0.98704529,12.48262024,0.27448478,-11.69120598,20,-,181.2480011,16.40451813,0,6.09575462,14.35867786,6.9642849,-,-,-,0,134.4563446,3.98799896,0.62187815,289.77374268,1084,12.86400032,518.10150146,41.59976578,14.24629211,309.5,18,19.61637306,0,80.38362885,-,-,7.84313726,7.84313726,-,-,0,21,11.92000008,141,278,130.14500427,28.36800003,26,19.2857151,21.40243912
Tue Oct 08 12:55:10 GMT+02:00 2019,08-ott-2019 12:55:09.276,14.24614283,41.59981535,5.57,11.792,517.322265625,302.2,0.81051636,7.29577637,5.98236084,-0.02318688,-11.69360733,23.52941132,-,83.85892487,16.4046669,1.1924541,6.09569979,14.40056705,6.94402647,-,-,-,31.54039001,132.68193054,0.45599937,0.64781302,289.79968262,1016.5,11.79199982,517.32226562,41.59981537,14.24614239,302.20001221,17,19.18556976,0,80.81443024,-,-,13.33333397,11.76470566,-,-,2.35294127,21,11.92000008,144,281,133.33500671,20.05200005,21,19.30434799,21.39759064
Tue Oct 08 12:55:11 GMT+02:00 2019,08-ott-2019 12:55:10.926,14.24608811,41.59984716,5.45,11.792,517.8599243164062,303.4,0.76741028,7.18803406,6.14996338,-0.0091981,-11.69618416,2.35294127,-,44.66638184,16.40481377,2.23877382,6.09564495,14.44151688,6.92433596,-,-,-,59.21552658,131.43673706,1.05200005,0.65752411,289.80938721,1139,11.79199982,517.85992432,41.59984589,14.24608803,303.3999939,17,18.96982384,0,81.03017426,-,-,7.84313726,12.15686321,-,-,0,21,11.92000008,146,283,134.98699951,19.61999893,19,19.30107498,21.36904716
Tue Oct 08 12:55:15 GMT+02:00 2019,08-ott-2019 12:55:14.202,14.24588535,41.59996985,4.77,12.864,519.10302734375,307.7,-0.09928894,7.11621094,6.53781128,-0.00439931,-11.69618416,24.70588303,-,181.2480011,16.40496063,0,6.09559011,14.4815588,6.90518999,-,-,-,0,129.24612427,2.71999931,0.66574913,289.81762695,997,12.86400032,519.10302734,41.59996796,14.2458849,307.70001221,18,18.55602837,0,81.44396973,-,-,14.90196133,7.84313726,-,-,4.31372547,21,11.92000008,149,286,138.26300049,17.17199898,16,19.26595688,21.3058815
Tue Oct 08 12:55:16 GMT+02:00 2019,08-ott-2019 12:55:15.855,14.24584839,41.59999132,4.6,11.792,518.6651000976562,306.9,0.53756714,6.84805298,6.39176941,-0.00314894,-11.70032597,81.5686264,-,24.1730957,16.40565872,4.1367445,6.09533119,14.58805943,6.85477877,-,-,-,109.41681671,128.92105103,0.82800102,0.68178105,289.83364868,997,11.79199982,518.6651001,41.59999084,14.24584866,306.8999939,18,18.35401344,0,81.64598846,-,-,18.4313736,18.03921509,-,-,8.62745094,21,11.92000008,151,288,139.91600037,16.55999947,18,19.25263214,21.2674427
Tue Oct 08 12:55:18 GMT+02:00 2019,08-ott-2019 12:55:17.861,14.24570556,41.60010833,6.49,11.792,517.9069213867188,304.4,0.72192383,5.97416687,7.08848572,-0.00244354,-11.70478439,72.94117737,-,7.65624905,16.40487289,13.06095409,6.09562302,14.51271343,6.89036655,-,-,-,345.46200562,132.41365051,2.73200035,0.69118828,289.8430481,1350,11.79199982,517.90692139,41.6001091,14.2457056,304.3999939,18,18.11457062,0,81.88542938,-,-,7.84313726,7.84313726,-,-,0,21,11.92000008,153,289,141.92300415,23.36399841,23,19.29166603,21.28735542
Tue Oct 08 12:55:20 GMT+02:00 2019,08-ott-2019 12:55:19.392,14.24557863,41.60019485,6.59,10.72,518.3458251953125,307.9,1.01881409,6.54878235,7.71098328,-0.00979569,-11.70927715,56.47058868,-,11.37655067,16.40442085,8.78982735,6.09579086,14.47899151,6.90641451,-,-,-,232.49076843,134.00218201,0.36399841,0.70318663,289.8550415,1458.5,10.72000027,518.3458252,41.60019302,14.24557877,307.8999939,18,17.93572998,0,82.06427002,-,-,16.47058868,16.07843208,-,-,6.27450991,21,11.92000008,154,291,143.45700073,23.72399902,23,19.32989693,21.30681801
Tue Oct 08 12:55:22 GMT+02:00 2019,08-ott-2019 12:55:21.029,14.24547351,41.60023026,6.96,10.72,516.4205322265625,301.5,1.36836243,5.44026184,7.26086426,-0.01840504,-11.71189499,36.86274719,-,14.94664288,16.40429115,6.69032621,6.0958395,14.48396683,6.90404224,-,-,-,176.95901489,134.67338562,1.84399986,0.7143954,289.86627197,1556.5,10.72000027,516.42053223,41.60023117,14.24547386,301.5,18,17.7489624,0,82.2510376,-,-,14.90196133,7.84313726,-,-,4.70588255,21,11.92000008,156,293,145.09199524,25.05599976,26,19.39795876,21.35955048
Tue Oct 08 12:55:23 GMT+02:00 2019,08-ott-2019 12:55:22.721,14.24542344,41.6002405,6.66,10.72,517.2595825195312,301.1,0.02999878,6.41230774,7.24890137,-0.00794939,-11.71435738,13.33333397,-,24.48633766,16.40501595,4.08382511,6.09556961,14.58925533,6.85421705,-,-,-,108.01709747,134.26327515,0.94400024,0.7252143,289.8770752,1625.5,10.72000027,517.25958252,41.6002388,14.24542332,301.1000061,15,17.55951309,0,82.44049072,-,-,15.29411793,15.68627453,-,-,4.70588255,21,11.92000008,158,294,146.78599548,23.97599792,26,19.46464729,21.41111183
Tue Oct 08 12:55:27 GMT+02:00 2019,08-ott-2019 12:55:26.673,14.24516619,41.60042113,6.59,10.72,515.131103515625,307.6,0.00366211,6.86720276,6.83709717,-0.00609325,-11.717906,9.4117651,-,62.21583939,16.40516281,1.60727429,6.09551477,14.62525749,6.83734417,-,-,-,42.51237488,132.87312317,1.48799896,0.74999207,289.90185547,1505.5,10.72000027,515.13110352,41.60042191,14.24516582,307.6000061,14,17.13330078,0,82.86669922,-,-,14.11764717,13.72549057,-,-,3.52941179,21,11.92000008,162,298,150.73399353,23.72399902,24,19.51000023,21.43955994
Tue Oct 08 12:55:29 GMT+02:00 2019,08-ott-2019 12:55:28.360,14.24501641,41.60048426,6.86,10.72,513.7496337890625,304.1,0.30055237,6.57032776,7.06694031,-0.01768474,-11.72143745,61.56863022,-,98.74260712,16.40531158,1.01271296,6.09546041,14.6605196,6.82089853,-,-,-,26.78623962,131.28973389,1.80800056,0.76542264,289.91729736,1521.5,10.72000027,513.74963379,41.60048294,14.2450161,304.1000061,17,16.95742416,0,83.04257965,-,-,17.25490189,16.47058868,-,-,6.66666698,21,11.92000008,163,300,152.42100525,24.69599915,26,19.5742569,21.48913002
Tue Oct 08 12:55:31 GMT+02:00 2019,08-ott-2019 12:55:30.168,14.24486217,41.60054238,7.45,10.72,514.2503662109375,303.7,0.5088501,5.83770752,7.93843079,-0.00105728,-11.7247858,47.05882263,-,14.46227551,16.40513611,6.91439724,6.09552526,14.65849686,6.82183981,-,-,-,182.88568115,132.04849243,4.30400085,0.77830184,289.93017578,1730.5,10.72000027,514.25036621,41.60054398,14.24486256,303.70001221,18,16.77289581,0,83.22710419,-,-,7.84313726,7.84313726,-,-,0,21,11.92000008,165,302,154.22900391,26.81999779,29,19.66666603,21.56989288
Tue Oct 08 12:55:32 GMT+02:00 2019,08-ott-2019 12:55:31.690,14.24480778,41.6005876,7.46,10.72,514.3035278320312,304.7,0.27182007,6.85044861,6.31994629,-0.02584803,-11.7280941,0,-,17.45360374,16.40522957,5.72935677,6.09548998,14.68673038,6.80872583,-,-,-,151.54138184,132.33099365,0.18000221,0.79115075,289.94302368,1672.5,10.72000027,514.30352783,41.60058594,14.2448082,304.70001221,18,16.62034607,0,83.37965393,-,-,13.33333397,12.94117641,-,-,0,21,11.92000008,167,303,155.7539978,26.85599899,27,19.73786354,21.62765884
Tue Oct 08 12:55:34 GMT+02:00 2019,08-ott-2019 12:55:33.181,14.2446508,41.60066071,6.5,10.72,515.6932373046875,302.9,-3.14231873,6.52244568,10.23925781,0.05649612,-11.7280941,20.3921566,-,181.2480011,16.40537834,0,6.09543562,14.7203207,6.79318905,-,-,-,0,130.44055176,1.43199921,0.80199367,289.95385742,1554,10.72000027,515.6932373,41.60066223,14.24465084,302.8999939,17,16.47444153,0,83.52555847,-,-,13.33333397,12.94117641,-,-,2.74509811,21,11.92000008,168,305,157.23899841,23.39999962,26,19.79807663,21.67368507
Tue Oct 08 12:55:37 GMT+02:00 2019,08-ott-2019 12:55:36.202,14.2444177,41.60078785,7.18,6.432,516.9005737304688,288.7,0.22872925,6.22795105,4.72779846,0.00461682,-11.73171902,35.68627548,-,49.00289536,16.40552521,2.04065323,6.09538078,14.75324726,6.77802801,-,-,-,53.97524261,129.36358643,1.72800064,0.82449657,289.97637939,1618.5,6.43200016,516.90057373,41.60078812,14.24441814,288.70001221,17,16.18510628,0,83.81489563,-,-,14.90196133,12.15686321,-,-,4.70588255,21,11.92000008,171,308,160.26300049,25.84799957,27,19.86666679,21.72916603
Tue Oct 08 12:55:38 GMT+02:00 2019,08-ott-2019 12:55:37.719,14.24436196,41.60083139,7.13,5.36,516.2510375976562,317.8,-2.29237366,6.97494507,5.86265564,-0.03727146,-11.73413849,0,-,23.81730843,16.40618896,4.19853973,6.09513378,14.84211063,6.73744631,-,-,-,111.05130768,129.10923767,0.15200043,0.83550876,289.98736572,1613.5,5.36000013,516.2510376,41.60083008,14.24436188,317.79998779,16,16.0434761,0,83.95652008,-,-,7.84313726,7.84313726,-,-,0,21,11.92000008,173,309,161.78300476,25.66799927,26,19.92452812,21.77319527
Tue Oct 08 12:55:40 GMT+02:00 2019,08-ott-2019 12:55:39.077,14.24422869,41.60091583,7.21,8.576,516.3139038085938,309.1,-1.81114197,7.34365845,4.76611328,-0.04092373,-11.73413849,16.47058868,-,181.2480011,16.40633774,0,6.09507895,14.87322426,6.72335196,-,-,-,0,127.34062195,1.73999977,0.84599489,289.99786377,1452.5,8.57600021,516.31390381,41.600914,14.24422836,309.1000061,18,15.91902256,0,84.08097839,-,-,18.4313736,18.03921509,-,-,8.62745094,21,11.92000008,174,311,163.14100647,25.95599937,24,19.96261597,21.79591751
Tue Oct 08 12:55:41 GMT+02:00 2019,08-ott-2019 12:55:40.146,14.24416637,41.60095757,7.15,11.792,516.2896118164062,310.6,-1.12400818,7.4753418,5.63041687,-0.00478228,-11.73594761,68.23529816,-,48.92121506,16.4064846,2.04406047,6.09502411,14.90374088,6.70958519,-,-,-,54.06536102,126.35041809,0.04400063,0.85520321,290.00708008,1549.5,11.79199982,516.28961182,41.60095596,14.24416637,310.6000061,17,15.82231426,0,84.1776886,-,-,17.64705849,16.86274529,-,-,7.45098066,21,11.92000008,175,312,164.21099854,25.73999977,26,20.01851845,21.83838463
Tue Oct 08 12:55:43 GMT+02:00 2019,08-ott-2019 12:55:42.873,14.24403254,41.60102822,7.32,10.72,515.8369750976562,307.1,0.45617676,6.84086609,6.0446167,-0.00972838,-11.7382946,44.31372452,-,12.59962177,16.40614319,7.93658066,6.09515095,14.88179684,6.71947908,-,-,-,209.92242432,127.46471405,2.26000023,0.86292821,290.01480103,1678,10.72000027,515.8369751,41.60102844,14.24403286,307.1000061,16,15.58107567,0,84.41892242,-,-,7.84313726,7.84313726,-,-,5.88235283,21,11.92000008,178,314,166.93800354,26.35199928,28,20.09174347,21.89999962
                                                                                                                                                                                                                                                                                                                                                                                                                                                                                                                                   