GPS Time, Device Time, Longitude, Latitude,GPS Speed (Meters/second), Horizontal Dilution of Precision, Altitude, Bearing, G(x), G(y), G(z), G(calibrated), Timing Advance(°),Fuel Remaining (Calculated from vehicle profile)(%),Engine Load(%),Engine Load(Absolute)(%),Kilometers Per Litre(Instant)(kpl),Kilometers Per Litre(Long Term Average)(kpl),Litres Per 100 Kilometer(Instant)(l/100km),Litres Per 100 Kilometer(Long Term Average)(l/100km),Trip average KPL(kpl),Trip average Litres/100 KM(l/100km),Distance to empty (Estimated)(km),Fuel used (trip)(l),Turbo Pressure Control(psi),Actual engine % torque(%),Drivers demand engine % torque(%),Engine reference torque(Nm),Fuel cost (trip)(cost),CO₂ in g/km (Instantaneous)(g/km),CO₂ in g/km (Average)(g/km),GPS vs OBD Speed difference(km/h),Trip Distance(km),Trip distance (stored in vehicle profile)(km),Distance travelled with MIL/CEL lit(km),Distance travelled since codes cleared(km),Volumetric Efficiency (Calculated)(%),EGR Commanded(%),EGR Error(%),Fuel Rate (direct from ECU)(L/m),Fuel flow rate/minute(cc/min),Fuel flow rate/hour(l/hr),Engine RPM(rpm),GPS Accuracy(m),GPS Altitude(m),GPS Latitude(°),GPS Longitude(°),GPS Bearing(°),GPS Satellites,Fuel Level (From Engine ECU)(%),NOx Post SCR(ppm),NOx Pre SCR(ppm),O2 Sensor1 Equivalence Ratio,O2 Sensor1 Equivalence Ratio(alternate),O2 Sensor2 Equivalence Ratio,O2 Sensor3 Equivalence Ratio,O2 Sensor4 Equivalence Ratio,O2 Sensor5 Equivalence Ratio,O2 Sensor6 Equivalence Ratio,O2 Sensor7 Equivalence Ratio,O2 Sensor8 Equivalence Ratio,O2 Volts Bank 1 sensor 1(V),O2 Volts Bank 1 sensor 2(V),O2 Volts Bank 1 sensor 3(V),O2 Volts Bank 1 sensor 4(V),O2 Volts Bank 2 sensor 1(V),O2 Volts Bank 2 sensor 2(V),Percentage of Idle driving(%),Percentage of Highway driving(%),Percentage of City driving(%),Throttle Position(Manifold)(%),Absolute Throttle Position B(%),Relative Throttle Position(%),Relative Accelerator Pedal Position(%),Fuel pressure(psi),Intake Manifold Pressure(psi),Fuel Rail Pressure(psi),Exhaust Pressure(psi),Turbo Boost & Vacuum Gauge(psi),Evap System Vapour Pressure(Pa),Air Fuel Ratio(Commanded)(:1),Air Fuel Ratio(Measured)(:1),Commanded Equivalence Ratio(lambda),Torque(Nm),Engine kW (At the wheels)(kW),Acceleration Sensor(X axis)(g),Acceleration Sensor(Y axis)(g),Acceleration Sensor(Z axis)(g),Acceleration Sensor(Total)(g),Run time since engine start(s),Trip time(whilst moving)(s),Voltage (OBD Adapter)(V),Speed (GPS)(km/h),Speed (OBD)(km/h),Average trip speed(whilst stopped or moving)(km/h),Average trip speed(whilst moving only)(km/h)
Wed Feb 19 07:09:19 GMT+01:00 2020,19-feb-2020 07:09:15.185,13.93141375,42.04797137,0.0,47.027,495.0,0.0,-1.59159851,8.39741516,3.71514893,-0.03100544,-,0,30.19607925,-,0.0,14.04585838,-,7.119388099999999,1.96003807,51.01835632,0,0.16616645,-,-,-,-,0.24260302,-,-,0.0,0.03310389,3737.95263672,0,3012,92,0.0,0.0,-,82.58496094,4.95509768,899.0,47.02700043,-,-,-,-,16,81.96078491,-,-,-,1.00045776,-,-,-,-,-,-,-,-,-,-,-,-,-,96.23129272,0,3.76870537,-,-,5.88235283,-,-,14.06866074,3638.99682617,-,0.0,-,-,14.50663757,-,-,-,-0.13187419,0.86393207,0.2922473,-0.04174403,123,56.88700104,14.19999981,-,0,1.14285719,2.37037039
Wed Feb 19 07:09:21 GMT+01:00 2020,19-feb-2020 07:09:16.915,13.93127513,42.04801451,0.0,27.305999999999997,485.0,0.0,-1.28053284,8.59002686,4.06808472,-0.01056388,-,0,29.01960754,-,0.0,14.04585266,-,7.11939096,1.95820796,51.06603622,0,0.1685254,-,-,-,-,0.24604709,-,-,0.0,0.03310389,3737.95263672,0,3012,92,0.0,0.0,-,82.77013397,4.96620798,883.5,27.30599976,485,42.04801559,13.93127537,0,16,81.96078491,-,-,-,1.00045776,-,-,-,-,-,-,-,-,-,-,-,-,-,96.28595734,0,3.71404386,-,-,5.88235283,-,-,14.06866074,3533.11938477,-,0.0,-,-,14.50663757,-,-,-,-0.13406891,0.88429892,0.31078494,-0.01543651,124,56.88700104,14.10000038,0,0,1.12280703,2.37037039
Wed Feb 19 07:09:23 GMT+01:00 2020,19-feb-2020 07:09:18.946,13.93125876,42.04803465,0.0,22.755,488.0,0.0,-1.85002136,8.56011963,3.44953918,-0.01448672,-,0,23.92156982,-,0.0,14.04584789,-,7.11939383,1.9564147,51.11284256,0,0.17130108,-,-,-,-,0.25009957,-,-,0.0,0.03310389,3737.95263672,0,3012,93,0.0,0.0,-,81.59739685,4.89584398,928.0,22.75499916,488,42.04803467,13.93125916,0,16,81.96078491,-,-,-,1.00045776,-,-,-,-,-,-,-,-,-,-,-,-,-,96.34482574,0,3.65517592,-,-,5.88235283,-,-,14.06866074,3673.8059081999995,-,0.0,-,-,14.50663757,-,-,-,-0.13845989,0.86307812,0.29358809999999996,-0.04103463,124,56.88700104,14.19999981,0,0,1.10344827,2.37037039
Wed Feb 19 07:09:25 GMT+01:00 2020,19-feb-2020 07:09:20.545,13.93124314,42.04804552,0.0,19.720999,488.0,0.0,-1.65859985,8.80897522,3.74984741,-0.0126605,-,0,27.84313774,-,0.0,14.04584217,-,7.11939669,1.95465696,51.15880966,0,0.17345262,-,-,-,-,0.25324082,-,-,0.0,0.03310389,3737.95263672,0,3012,92,0.0,0.0,-,80.733284,4.843997,901.0,19.72099876,488,42.04804611,13.93124294,0,16,81.96078491,-,-,-,1.00045776,-,-,-,-,-,-,-,-,-,-,-,-,-,96.39564514,0,3.60435128,-,-,5.88235283,-,-,14.06866074,3638.99682617,-,0.0,-,-,14.50663757,-,-,-,-0.17565805,0.83990687,0.25444096,-0.07128222,128,56.88700104,14.19999981,0,0,1.08474576,2.37037039
Wed Feb 19 07:09:26 GMT+01:00 2020,19-feb-2020 07:09:22.276,13.93123773,42.04804519,0.0,18.203999,488.0,0.0,-1.89428711,8.57687378,3.35502625,-0.01384928,-,0,29.01960754,-,0.0,14.04583645,-,7.11939955,1.95293319,51.20396042,0,0.17578384,-,-,-,-,0.2566444,-,-,0.0,0.03310389,3737.95263672,0,3012,92,3.13725495,-15.625,-,81.22706604,4.87362385,910.5,18.20399857,488,42.04804611,13.93123817,0,16,81.96078491,-,-,-,1.00045776,-,-,-,-,-,-,-,-,-,-,-,-,-,96.44570923,0,3.55429316,-,-,76.07843018,-,-,14.06866074,3604.18774414,-,0.0,-,-,14.50663757,-,-,-,-0.12785029,0.8750300999999999,0.30907708,-0.02531227,130,56.88700104,14.10000038,0,0,1.06666672,2.37037039
Wed Feb 19 07:09:28 GMT+01:00 2020,19-feb-2020 07:09:24.015,13.93121678,42.04804586,0.0,18.203999,485.0,0.0,-1.54014587,8.33041382,3.72950745,-0.01290128,-,0,30.58823586,-,0.0,14.04583073,-,7.11940241,1.95124245,51.24833298,0,0.17762001,-,-,-,-,0.25932521,-,-,0.0,0.03310389,3737.95263672,0,3012,87,7.05882359,0.0,-,63.38920975,3.80335259,897.0,18.20399857,485,42.04804611,13.93121719,0,16,81.96078491,-,-,-,1.00045776,-,-,-,-,-,-,-,-,-,-,-,-,-,96.49461365,0,3.50538468,-,-,76.07843018,-,-,13.77858543,3604.18774414,-,-0.2900753,-,-,14.50663757,-,-,-,-0.14846133,0.9013744,0.29907721,-0.00277465,131,56.88700104,14.10000038,0,0,1.04918027,2.37037039
Wed Feb 19 07:09:30 GMT+01:00 2020,19-feb-2020 07:09:25.735,13.93121506,42.04805173,0.0,16.687,486.0,0.0,-1.36187744,8.68814087,4.13867188,-0.01019779,-,0,35.68627548,-,0.0,14.045825,-,7.11940527,1.94958317,51.29195023,0,0.17939433,-,-,-,-,0.26191574,-,-,0.0,0.03310389,3737.95263672,0,3012,83,6.27450991,-1.5625,-,61.53752899,3.69225168,890.5,16.68700027,486,42.04804993,13.93121529,0,16,81.96078491,-,-,-,1.00045776,-,-,-,-,-,-,-,-,-,-,-,-,-,96.54168701,0,3.4583168,-,-,75.29412079,-,-,13.63354778,3604.18774414,-,-0.43511295,-,-,14.50663757,-,-,-,-0.1895605,0.87442034,0.24200062,-0.04180609,133,56.88700104,14.10000038,0,0,1.03225803,2.37037039
Wed Feb 19 07:09:32 GMT+01:00 2020,19-feb-2020 07:09:27.475,13.93121554,42.04805261,0.0,15.17,486.0,0.0,-1.55569458,8.85324097,3.93408203,-0.00979445,-,0,31.37254906,-,0.0,14.04582024,-,7.11940765,1.94795442,51.33483505,0,0.18110888,-,-,-,-,0.26441896,-,-,0.0,0.03310389,3737.95263672,0,3012,80,7.45098019,0.0,-,59.80928802,3.58855724,892.0,15.17000008,486,42.04805374,13.93121529,0,16,81.96078491,-,-,-,1.00045776,-,-,-,-,-,-,-,-,-,-,-,-,-,96.58802795,0,3.41197038,-,-,76.07843018,-,-,13.63354778,3744.87451172,-,-0.43511295,-,-,14.50663757,-,-,-,-0.18407294,0.85807896,0.25273311,-0.05384229,135,56.88700104,14.19999981,0,0,1.01587307,2.37037039
Wed Feb 19 07:09:33 GMT+01:00 2020,19-feb-2020 07:09:29.184,13.93121576,42.04805239,0.0,15.17,486.0,0.0,-1.75788879,8.72521973,3.64814758,-0.01376539,-,0,32.54901886,-,0.0,14.04581451,-,7.11941051,1.9463551,51.37701797,0,0.18283871,-,-,-,-,0.26694453,-,-,0.0,0.03310389,3737.95263672,0,3012,77,7.84313726,-0.78125,-,59.99446106,3.59966755,886.0,15.17000008,486,42.04805374,13.93121529,0,16,81.96078491,-,-,-,1.00045776,-,-,-,-,-,-,-,-,-,-,-,-,-,96.63238525,0,3.36761761,-,-,76.07843018,-,-,13.63354778,3567.9284668000005,-,-0.43511295,-,-,14.50663757,-,-,-,-0.19480386,0.8756398000000001,0.25078106,-0.03647784,137,56.88700104,14.10000038,0,0,1.0,2.37037039
Wed Feb 19 07:09:35 GMT+01:00 2020,19-feb-2020 07:09:30.926,13.93121449,42.0480533,0.0,13.652999999999999,487.0,0.0,-1.33914185,8.72283936,4.16140747,0.01359463,-,0,33.72549057,-,0.0,14.04580879,-,7.11941338,1.94478428,51.41851807,0,0.18454795,-,-,-,-,0.26944,-,-,0.0,0.03310389,3737.95263672,0,3012,76,7.84313726,0.0,-,59.62412262,3.57744741,900.0,13.65299988,487,42.04805374,13.93121433,0,16,81.96078491,-,-,-,1.00045776,-,-,-,-,-,-,-,-,-,-,-,-,-,96.67636871,0,3.32363009,-,-,76.07843018,-,-,13.63354778,3567.9284668000005,-,-0.43511295,-,-,14.50663757,-,-,-,-0.13650782,0.88917828,0.32420054,-0.00506555,138,56.88700104,14.19999981,0,0,0.98461539,2.37037039
Wed Feb 19 07:09:37 GMT+01:00 2020,19-feb-2020 07:09:32.665,13.93121437,42.04805332,0.0,13.652999999999999,486.0,0.0,-1.87275696,8.58883667,3.34664917,-0.01364293,-,0,38.4313736,-,0.0,14.04580307,-,7.11941624,1.94324076,51.45935822,0,0.18624303,-,-,-,-,0.27191481,-,-,0.0,0.03310389,3737.95263672,0,3012,74,7.45098019,-3.125,-,58.45139313,3.50708365,915.0,13.65299988,486,42.04805374,13.93121433,0,16,81.96078491,-,-,-,1.00045776,-,-,-,-,-,-,-,-,-,-,-,-,-,96.71920013,0,3.28080106,-,-,75.6862793,-,-,13.63354778,3604.18774414,-,-0.43511295,-,-,14.50663757,-,-,-,-0.19090284,0.8755185,0.24114670000000002,-0.04084107,140,56.88700104,14.10000038,0,0,0.9696969999999999,2.37037039
Wed Feb 19 07:09:38 GMT+01:00 2020,19-feb-2020 07:09:34.365,13.93121427,42.0480532,0.0,13.652999999999999,486.0,0.0,-1.87753296,8.57687378,3.47346497,-0.01401421,-,0,36.07843018,-,0.0,14.04579735,-,7.119419099999999,1.94172382,51.49956131,0,0.18785363,-,-,-,-,0.2742663,-,-,0.0,0.03310389,3737.95263672,0,3012,71,7.45098019,-1.5625,-,55.85903931,3.35154247,910.0,13.65299988,486,42.04805374,13.93121433,0,16,81.96078491,-,-,-,1.00045776,-,-,-,-,-,-,-,-,-,-,-,-,-,96.75996399,0,3.24003315,-,-,74.90196228,-,-,13.63354778,3604.18774414,-,-0.43511295,-,-,14.50663757,-,-,-,-0.13321498,0.88246971,0.3059071,-0.01922658,142,56.88700104,14.19999981,0,0,0.95522386,2.37037039
Wed Feb 19 07:09:40 GMT+01:00 2020,19-feb-2020 07:09:36.064,13.93121262,42.04805471,0.0,15.17,487.0,0.0,-1.93855286,8.568496699999999,3.40646362,-0.02051347,-,0,31.37254906,-,0.0,14.04579258,-,7.11942196,1.9402324,51.53914261,0,0.18946591,-,-,-,-,0.27662021,-,-,0.0,0.03310389,3737.95263672,0,3012,70,8.23529434,-0.78125,-,56.53798676,3.39227915,899.0,15.17000008,487,42.04805374,13.93121243,0,18,81.96078491,-,-,-,1.00045776,-,-,-,-,-,-,-,-,-,-,-,-,-,96.79975891,0,3.20024276,-,-,76.07843018,-,-,13.63354778,3710.06542969,-,-0.43511295,-,-,14.50663757,-,-,-,-0.15699753,0.90210551,0.29761356,-0.00139094,143,56.88700104,14.10000038,0,0,0.94117647,2.37037039
Wed Feb 19 07:09:42 GMT+01:00 2020,19-feb-2020 07:09:37.774,13.93121272,42.04805456,0.0,16.687,487.0,0.0,-1.33914185,8.56132507,3.95204163,-0.01210287,-,0,36.86274719,-,0.0,14.04578686,-,7.11942482,1.93876588,51.57812881,0,0.19107306,-,-,-,-,0.27896667,-,-,0.0,0.03310389,3737.95263672,0,3012,69,8.23529434,0.78125,-,56.72315598,3.40338922,912.5,16.68700027,487,42.04805374,13.93121243,0,18,81.96078491,-,-,-,1.00045776,-,-,-,-,-,-,-,-,-,-,-,-,-,96.83880615,0,3.16119218,-,-,75.6862793,-,-,13.63354778,3533.11938477,-,-0.43511295,-,-,14.50663757,-,-,-,-0.18834105,0.87990791,0.26931867,-0.02698763,145,56.88700104,14.10000038,0,0,0.92753625,2.37037039
Wed Feb 19 07:09:44 GMT+01:00 2020,19-feb-2020 07:09:39.631,13.93121228,42.04805517,0.0,16.687,487.0,0.0,-1.86317444,8.58285522,3.51176453,-0.01231489,-,0,38.03921509,-,0.0,14.04578114,-,7.11942768,1.93732333,51.61653519,0,0.19277664,-,-,-,-,0.28145388,-,-,0.0,0.03310389,3737.95263672,0,3012,69,9.01960754,-0.78125,-,59.80928802,3.58855724,903.5,16.68700027,487,42.04805374,13.93121243,0,18,81.96078491,-,-,-,1.00045776,-,-,-,-,-,-,-,-,-,-,-,-,-,96.88012695,0,3.11987209,-,-,76.86274719,-,-,13.63354778,3638.99682617,-,-0.43511295,-,-,14.50663757,-,-,-,-0.134436,0.8750300999999999,0.29993114,-0.02822816,147,56.88700104,14.10000038,0,0,0.91428572,2.37037039
Wed Feb 19 07:09:46 GMT+01:00 2020,19-feb-2020 07:09:41.634,13.93121238,42.04805535,0.0,16.687,487.0,0.0,-1.3008728,8.60319519,4.02500916,-0.010251600000000001,-,0,33.72549057,-,0.0,14.04577541,-,7.11943007,1.93590415,51.65437698,0,0.19497915,-,-,-,-,0.28466955,-,-,0.0,0.03310389,3737.95263672,0,3012,67,9.01960754,-1.5625,-,54.31597519,3.25895834,901.0,16.68700027,487,42.04805374,13.93121243,0,18,81.96078491,-,-,-,1.00045776,-,-,-,-,-,-,-,-,-,-,-,-,-,96.92100525,0,3.07899737,-,-,76.47058868,-,-,13.63354778,3638.99682617,-,-0.43511295,-,-,14.50663757,-,-,-,-0.14992343,0.89003223,0.30297979999999997,-0.01121552,147,56.88700104,14.19999981,0,0,0.90140843,2.37037039
Wed Feb 19 07:09:47 GMT+01:00 2020,19-feb-2020 07:09:43.364,13.93121129,42.04805631,0.0,16.687,487.0,0.0,-1.33197021,8.61993408,4.01902771,-0.00203526,-,0,35.68627548,-,0.0,14.04576969,-,7.11943293,1.93450737,51.69167328,0,0.19630766,-,-,-,-,0.28660917,-,-,0.0,0.03310389,3737.95263672,0,3012,67,9.4117651,0.0,-,55.85903931,3.35154247,897.5,16.68700027,487,42.04805756,13.93121147,0,18,81.96078491,-,-,-,1.00045776,-,-,-,-,-,-,-,-,-,-,-,-,-,96.96006775,0,3.03993082,-,-,76.07843018,-,-,13.63354778,3604.18774414,-,-0.43511295,-,-,14.50663757,-,-,-,-0.17443703,0.897349,0.28407663,-0.00810777,151,56.88700104,14.19999981,0,0,0.8888889000000001,2.37037039
Wed Feb 19 07:09:49 GMT+01:00 2020,19-feb-2020 07:09:45.075,13.931212099999998,42.04805596,0.0,16.687,487.0,0.0,-1.25540161,8.60319519,3.95802307,-0.01161355,-,0,35.29411697,-,0.0,14.04576492,-,7.11943579,1.93313241,51.72843933,0,0.19792894,-,-,-,-,0.28897625,-,-,0.0,0.03310389,3737.95263672,0,3012,66,9.4117651,2.34375,-,56.22937393,3.37376237,906.5,16.68700027,487,42.04805756,13.93121243,0,18,81.96078491,-,-,-,1.00045776,-,-,-,-,-,-,-,-,-,-,-,-,-,96.99532318,0,3.00467324,-,-,76.07843018,-,-,13.63354778,3567.9284668000005,-,-0.43511295,-,-,14.50663757,-,-,-,-0.18919498,0.87698215,0.25736675,-0.03395617,152,56.88700104,14.19999981,0,0,0.87671232,2.37037039
Wed Feb 19 07:09:51 GMT+01:00 2020,19-feb-2020 07:09:46.795,13.93121166,42.04805639,0.0,15.17,487.0,0.0,-1.33795166,8.64387512,3.97476196,-0.00998143,-,0,33.33333206,-,0.0,14.0457592,-,7.11943865,1.93177867,51.76468658,0,0.19948222,-,-,-,-,0.29124403,-,-,0.0,0.03310389,3737.95263672,0,3012,66,9.01960754,-3.125,-,54.50114059,3.27006841,907.0,15.17000008,487,42.04805756,13.93121147,0,18,81.96078491,-,-,-,1.00045776,-,-,-,-,-,-,-,-,-,-,-,-,-,97.02997589,0,2.97002482,-,-,75.6862793,-,-,13.63354778,3604.18774414,-,-0.43511295,-,-,14.50663757,-,-,-,-0.18797553,0.87881136,0.24846500000000002,-0.03578686,154,56.88700104,14.10000038,0,0,0.86486489,2.37037039
Wed Feb 19 07:09:53 GMT+01:00 2020,19-feb-2020 07:09:48.504,13.93121209,42.04805584,0.0,13.652999999999999,487.0,0.0,-1.37982178,8.63789368,4.14346313,0.00565869,-,0,33.33333206,-,0.0,14.04575348,-,7.11944151,1.93044555,51.80043793,0,0.20101878,-,-,-,-,0.2934874,-,-,0.0,0.03310389,3737.95263672,0,3012,65,9.4117651,0.0,-,53.94563293,3.23673797,905.5,13.65299988,487,42.04805756,13.93121243,0,19,81.96078491,-,-,-,1.00045776,-,-,-,-,-,-,-,-,-,-,-,-,-,97.06363678,0,2.93636107,-,-,76.07843018,-,-,13.63354778,3533.11938477,-,-0.43511295,-,-,14.50663757,-,-,-,-0.1434606,0.89393324,0.30212587,-0.00900379,156,56.88700104,14.10000038,0,0,0.85333335,2.37037039
Wed Feb 19 07:09:54 GMT+01:00 2020,19-feb-2020 07:09:50.196,13.93121182,42.04805604,0.0,13.652999999999999,487.0,0.0,-1.30326843,8.60678101,4.06808472,-0.01130522,-,0,35.68627548,-,0.0,14.04574776,-,7.11944437,1.92913222,51.83569717,0,0.20253424,-,-,-,-,0.29569998,-,-,0.0,0.03310389,3737.95263672,0,3012,64,9.4117651,-1.5625,-,53.14323425,3.1885941000000004,911.5,13.65299988,487,42.04805756,13.93121147,0,19,81.96078491,-,-,-,1.00045776,-,-,-,-,-,-,-,-,-,-,-,-,-,97.09616852,0,2.90383267,-,-,76.07843018,-,-,13.63354778,3638.99682617,-,-0.43511295,-,-,14.50663757,-,-,-,-0.16004618,0.8977145000000001,0.29614988,-0.00545676,158,56.88700104,14.10000038,0,0,0.84210527,2.37037039
Wed Feb 19 07:09:56 GMT+01:00 2020,19-feb-2020 07:09:51.926,13.93123693,42.04800019,0.0,12.136,481.0,0.0,-1.32479858,8.59242249,3.97836304,-0.01206019,-,0,35.29411697,-,0.0,14.04574299,-,7.11944723,1.92783844,51.87048721,0,0.20404346,-,-,-,-,0.29790345,-,-,0.0,0.03310389,3737.95263672,0,3012,63,9.803921699999998,-0.78125,-,53.26668549,3.19600129,902.5,12.13599968,481,42.04800034,13.93123722,0,19,81.96078491,-,-,-,1.00045776,-,-,-,-,-,-,-,-,-,-,-,-,-,97.12873077,0,2.87127233,-,-,76.07843018,-,-,13.63354778,3673.8059081999995,-,-0.43511295,-,-,14.50663757,-,-,-,-0.17626779,0.88686067,0.27846619,-0.01944632,159,56.88700104,14.19999981,0,0,0.83116883,2.37037039
Wed Feb 19 07:09:58 GMT+01:00 2020,19-feb-2020 07:09:53.646,13.931231599999998,42.04800892,0.0,12.136,482.0,0.0,-1.87872314,8.530212400000002,3.3107605,-0.02880305,-,0,35.29411697,-,0.0,14.04573727,-,7.11944962,1.92656338,51.90481567,0,0.20562823,-,-,-,-,0.30021721,-,-,0.0,0.03310389,3737.95263672,0,3012,63,9.803921699999998,2.34375,-,54.99491882,3.29969501,903.0,12.13599968,482,42.04800797,13.9312315,0,19,81.96078491,-,-,-,1.00045776,-,-,-,-,-,-,-,-,-,-,-,-,-,97.16038513,0,2.83961606,-,-,75.6862793,-,-,13.63354778,3638.99682617,-,-0.43511295,-,-,14.50663757,-,-,-,-0.18017036,0.89271533,0.28297848,-0.01169761,161,56.88700104,14.10000038,0,0,0.82051283,2.37037039
Wed Feb 19 07:09:59 GMT+01:00 2020,19-feb-2020 07:09:55.353,13.9312313,42.04800806,0.0,12.136,482.0,0.0,-1.83326721,8.61157227,3.68522644,-0.01215252,-,0,34.11764908,-,0.0,14.04573154,-,7.11945248,1.92530668,51.93869781,0,0.20712699,-,-,-,-,0.30240539,-,-,0.0,0.03310389,3737.95263672,0,3012,63,9.803921699999998,-1.5625,-,52.58773804,3.15526438,922.0,12.13599968,482,42.04800797,13.9312315,0,19,81.96078491,-,-,-,1.00045776,-,-,-,-,-,-,-,-,-,-,-,-,-,97.19115448,0,2.80884624,-,-,76.47058868,-,-,13.63354778,3604.18774414,-,-0.43511295,-,-,14.50663757,-,-,-,-0.18687738,0.87783605,0.27566019,-0.02671339,163,56.88700104,14.19999981,0,0,0.8101265999999999,2.37037039
Wed Feb 19 07:10:01 GMT+01:00 2020,19-feb-2020 07:09:57.084,13.93117775,42.04805248,0.0,10.6189995,478.0,0.0,-1.87275696,8.57806396,3.53327942,-0.01289077,-,0,39.21568679999999,-,0.0,14.04572582,-,7.11945534,1.92406774,51.97214127,0,0.20867062,-,-,-,-,0.3046591,-,-,0.0,0.03310389,3737.95263672,0,3012,62,9.01960754,-3.90625,-,54.13080597,3.24784827,921.5,10.61899948,478,42.04805374,13.93117809,0,18,81.96078491,-,-,-,1.00045776,-,-,-,-,-,-,-,-,-,-,-,-,-,97.22164917,0,2.77835274,-,-,76.07843018,-,-,13.63354778,3638.99682617,-,-0.43511295,-,-,14.50663757,-,-,-,-0.19090284,0.87442034,0.26017118,-0.03490197,164,56.88700104,14.19999981,0,0,0.80000001,2.37037039
Wed Feb 19 07:10:03 GMT+01:00 2020,19-feb-2020 07:09:58.814,13.93117226,42.04805702,0.0,9.101999000000001,478.0,0.0,-1.81413269,8.59960938,3.48184204,-0.01595266,-,0,34.50980377,-,0.0,14.0457201,-,7.1194581999999995,1.92284608,52.00516129,0,0.21025652,-,-,-,-,0.3069745,-,-,0.0,0.03310389,3737.95263672,0,3012,62,9.4117651,-2.34375,-,54.68630600000001,3.28117824,898.5,9.10199928,478,42.04805756,13.93117237,0,18,81.96078491,-,-,-,1.00045776,-,-,-,-,-,-,-,-,-,-,-,-,-,97.25147247,0,2.7485311,-,-,76.07843018,-,-,13.63354778,3567.9284668000005,-,-0.43511295,-,-,14.50663757,-,-,-,-0.18492687,0.8766166,0.25492781,-0.036017099999999996,166,56.88700104,14.19999981,0,0,0.79012346,2.37037039
Wed Feb 19 07:10:05 GMT+01:00 2020,19-feb-2020 07:10:00.737,13.93118906,42.04804314,0.0,7.585,479.0,0.0,-1.75549316,8.69412231,3.65292358,-0.01394611,-,0,38.82352829,-,0.0,14.04571533,-,7.11946106,1.92164135,52.037765500000006,0,0.21179238,-,-,-,-,0.30921686,-,-,0.0,0.03310389,3737.95263672,0,3012,62,9.01960754,-2.34375,-,53.26668549,3.19600105,891.5,7.58500004,479,42.0480423,13.93118858,0,18,81.96078491,-,-,-,1.00045776,-,-,-,-,-,-,-,-,-,-,-,-,-,97.28382874,0,2.71617508,-,-,75.6862793,-,-,13.63354778,3533.11938477,-,-0.43511295,-,-,14.50663757,-,-,-,-0.1321184,0.87405485,0.30919996,-0.02556677,168,56.88700104,14.19999981,0,0,0.78048778,2.37037039
Wed Feb 19 07:10:07 GMT+01:00 2020,19-feb-2020 07:10:02.783,13.93118695,42.04804393,0.0,15.17,479.0,0.0,-1.92300415,8.51705933,3.31314087,-0.02902198,-,0,34.11764908,-,0.0,14.04570961,-,7.11946392,1.92045295,52.06996536,0,0.21398579,-,-,-,-,0.31241924,-,-,0.0,0.03310389,3737.95263672,0,3012,63,10.5882349,-0.78125,-,55.18008423,3.31080508,897.5,15.17000008,479,42.0480423,13.93118668,0,18,81.96078491,-,-,-,1.00045776,-,-,-,-,-,-,-,-,-,-,-,-,-,97.31573486,0,2.68426275,-,-,76.47058868,-,-,13.63354778,3567.9284668000005,-,-0.43511295,-,-,14.50663757,-,-,-,-0.18468267,0.87624955,0.25285444,-0.0371603,168,56.88700104,14.10000038,0,0,0.77108431,2.37037039
Wed Feb 19 07:10:09 GMT+01:00 2020,19-feb-2020 07:10:04.496,13.93118423,42.04804563,0.0,15.17,479.0,0.0,-1.33317566,8.58045959,4.07884216,-0.01239448,-,0,34.90196228,-,0.0,14.04570389,-,7.11946678,1.91928053,52.10177612,0,0.21533825,-,-,-,-,0.31439385,-,-,0.0,0.03310389,3737.95263672,0,3012,62,10.196078300000002,1.5625,-,51.22983551,3.07379031,893.5,15.17000008,479,42.04804611,13.93118382,0,18,81.96078491,-,-,-,1.00045776,-,-,-,-,-,-,-,-,-,-,-,-,-,97.34503174,0,2.65496802,-,-,76.07843018,-,-,13.63354778,3710.06542969,-,-0.43511295,-,-,14.50663757,-,-,-,-0.17882802,0.88515282,0.26895314,-0.02416611,172,56.88700104,14.10000038,0,0,0.76190478,2.37037039
Wed Feb 19 07:10:10 GMT+01:00 2020,19-feb-2020 07:10:06.214,13.93118836,42.04804182,0.0,15.17,479.0,0.0,-1.79377747,8.67019653,3.60388184,-0.01152536,-,0,36.47058868,-,0.0,14.04569817,-,7.11946964,1.9181236000000002,52.13319778,0,0.21688625,-,-,-,-,0.31665394,-,-,0.0,0.03310389,3737.95263672,0,3012,62,9.4117651,-2.34375,-,54.31597137,3.25895834,890.5,15.17000008,479,42.0480423,13.93118858,0,18,81.96078491,-,-,-,1.00045776,-,-,-,-,-,-,-,-,-,-,-,-,-,97.37210846,0,2.62789488,-,-,76.47058868,-,-,13.63354778,3638.99682617,-,-0.43511295,-,-,14.50663757,-,-,-,-0.18285193,0.88381207,0.26736817,-0.02523502,174,56.88700104,14.19999981,0,0,0.75294119,2.37037039
Wed Feb 19 07:10:12 GMT+01:00 2020,19-feb-2020 07:10:07.934,13.93119014,42.04804054,0.0,15.17,479.0,0.0,-1.68371582,8.35314941,3.55841064,-0.03968507,-,0,36.47058868,-,0.0,14.04569244,-,7.11947203,1.91698182,52.16424942,0,0.21841146,-,-,-,-,0.31888074,-,-,0.0,0.03310389,3737.95263672,0,3012,62,9.01960754,-3.125,-,53.14323807,3.18859434,902.5,15.17000008,479,42.0480423,13.93119049,0,18,81.96078491,-,-,-,1.00045776,-,-,-,-,-,-,-,-,-,-,-,-,-,97.39864349,0,2.60135293,-,-,75.6862793,-,-,13.63354778,3567.9284668000005,-,-0.43511295,-,-,14.50663757,-,-,-,-0.14114301,0.86673808,0.30761343,-0.03152414,175,56.88700104,14.10000038,0,0,0.74418604,2.37037039
Wed Feb 19 07:10:14 GMT+01:00 2020,19-feb-2020 07:10:09.644,13.93118976,42.04804061,0.0,15.17,479.0,0.0,-1.35710144,8.61276245,3.949646,-0.01098015,-,0,36.07843018,-,0.0,14.04568768,-,7.11947489,1.91585493,52.19493484,0,0.21998227,-,-,-,-,0.32117409,-,-,0.0,0.03310389,3737.95263672,0,3012,63,9.803921699999998,-1.5625,-,55.18008423,3.31080508,906.0,15.17000008,479,42.0480423,13.93118954,0,18,81.96078491,-,-,-,1.00045776,-,-,-,-,-,-,-,-,-,-,-,-,-,97.42450714,0,2.57549167,-,-,76.07843018,-,-,13.63354778,3638.99682617,-,-0.43511295,-,-,14.50663757,-,-,-,-0.16468138,0.85137039,0.272246,-0.05600468,177,56.88700104,14.19999981,0,0,0.73563218,2.37037039
Wed Feb 19 07:10:15 GMT+01:00 2020,19-feb-2020 07:10:11.354,13.93118884,42.04804101,0.0,15.17,479.0,0.0,-1.20155334,8.60797119,3.96878052,-0.01210624,-,0,36.47058868,-,0.0,14.04568195,-,7.11947775,1.91474235,52.22526169,0,0.22156408,-,-,-,-,0.32348356,-,-,0.0,0.03310389,3737.95263672,0,3012,63,9.803921699999998,-0.78125,-,55.18008804,3.31080508,898.0,15.17000008,479,42.0480423,13.93118858,0,19,81.96078491,-,-,-,1.00045776,-,-,-,-,-,-,-,-,-,-,-,-,-,97.44987488,0,2.55012465,-,-,76.07843018,-,-,13.63354778,3567.9284668000005,-,-0.43511295,-,-,14.50663757,-,-,-,-0.16211957,0.85112619,0.27651411,-0.05497551,179,56.88700104,14.19999981,0,0,0.72727275,2.37037039
Wed Feb 19 07:10:17 GMT+01:00 2020,19-feb-2020 07:10:13.033,13.93118763,42.04804135,0.0,15.17,478.0,0.0,-1.36187744,8.6953125,3.9269104,-0.01270819,-,0,34.50980377,-,0.0,14.04567623,-,7.11948061,1.91364372,52.25524139,0,0.22296664,-,-,-,-,0.32553127,-,-,0.0,0.03310389,3737.95263672,0,3012,61,10.196078300000002,2.34375,-,49.50160599,2.97009635,897.5,15.17000008,478,42.0480423,13.93118763,0,19,81.96078491,-,-,-,1.00045776,-,-,-,-,-,-,-,-,-,-,-,-,-,97.47428894,0,2.52571321,-,-,75.6862793,-,-,13.63354778,3604.18774414,-,-0.43511295,-,-,14.50663757,-,-,-,-0.16138852,0.90149575,0.29371098,-0.00278975,180,56.88700104,14.19999981,0,0,0.71910113,2.37037039
Wed Feb 19 07:10:19 GMT+01:00 2020,19-feb-2020 07:10:14.735,13.93118832,42.04804123,0.0,15.17,478.0,0.0,-1.85002136,8.63668823,3.54286194,-0.012351899999999999,-,0,30.19607925,-,0.0,14.04567051,-,7.11948347,1.91255891,52.28488159,0,0.22443391,-,-,-,-,0.32767349,-,-,0.0,0.03310389,3737.95263672,0,3012,61,9.803921699999998,0.0,-,52.402565,3.14415383,894.5,15.17000008,478,42.0480423,13.93118858,0,19,81.96078491,-,-,-,1.00045776,-,-,-,-,-,-,-,-,-,-,-,-,-,97.49854279,0,2.50145411,-,-,77.25490570000001,-,-,13.63354778,3638.99682617,-,-0.43511295,-,-,14.50663757,-,-,-,-0.14260668,0.88161576,0.31090626,-0.01659398,182,56.88700104,14.19999981,0,0,0.71111113,2.37037039
Wed Feb 19 07:10:21 GMT+01:00 2020,19-feb-2020 07:10:16.414,13.93118861,42.04804123,0.0,15.17,479.0,0.0,-1.85719299,8.47158813,3.41125488,-0.01166464,-,0,34.11764908,-,0.0,14.04566479,-,7.11948633,1.91148746,52.31418991,0,0.22589941,-,-,-,-,0.32981312,-,-,0.0,0.03310389,3737.95263672,0,3012,61,10.98039246,0.0,-,51.72362137,3.10341716,877.5,15.17000008,479,42.0480423,13.93118858,0,19,81.96078491,-,-,-,1.00045776,-,-,-,-,-,-,-,-,-,-,-,-,-,97.52204132,0,2.4779612999999996,-,-,76.47058868,-,-,13.63354778,3533.11938477,-,-0.43511295,-,-,14.50663757,-,-,-,-0.18504819,0.87673795,0.24785373,-0.03846693,184,56.88700104,14.19999981,0,0,0.70329672,2.37037039
Wed Feb 19 07:10:22 GMT+01:00 2020,19-feb-2020 07:10:18.096,13.93118839,42.04804137,0.0,15.17,478.0,0.0,-1.80335999,8.39741516,3.49261475,-0.01293666,-,0,35.68627548,-,0.0,14.04566002,-,7.11948919,1.91042912,52.34317398,0,0.22737706,-,-,-,-,0.33197048,-,-,0.0,0.03310389,3737.95263672,0,3012,62,9.803921699999998,-3.125,-,52.77290344,3.16637421,894.5,15.17000008,478,42.0480423,13.93118858,0,19,81.96078491,-,-,-,1.00045776,-,-,-,-,-,-,-,-,-,-,-,-,-,97.54510498,0,2.45489216,-,-,76.07843018,-,-,13.63354778,3533.11938477,-,-0.43511295,-,-,14.50663757,-,-,-,-0.14748451,0.86344367,0.29895434,-0.03714781,185,56.88700104,14.19999981,0,0,0.69565219,2.37037039
Wed Feb 19 07:10:24 GMT+01:00 2020,19-feb-2020 07:10:19.773,13.93118859,42.04804131,0.0,15.17,478.0,0.0,-1.57244873,8.33998108,3.52252197,-0.01584274,-,0,34.90196228,-,0.0,14.0456543,-,7.11949205,1.90938342,52.37183762,0,0.22886851,-,-,-,-,0.33414802,-,-,0.0,0.03310389,3737.95263672,0,3012,62,9.01960754,-3.125,-,53.26668549,3.19600105,896.5,15.17000008,478,42.0480423,13.93118858,0,19,81.96078491,-,-,-,1.00045776,-,-,-,-,-,-,-,-,-,-,-,-,-,97.56774902,0,2.43224835,-,-,76.07843018,-,-,13.63354778,3673.8059081999995,-,-0.43511295,-,-,14.50663757,-,-,-,-0.18687738,0.86442047,0.26126933,-0.04434045,187,56.88700104,14.19999981,0,0,0.68817204,2.37037039
Wed Feb 19 07:10:26 GMT+01:00 2020,19-feb-2020 07:10:21.464,13.93118923,42.04804121,0.0,15.17,478.0,0.0,-1.61791992,8.35673523,3.61225891,-0.01298165,-,0,36.47058868,-,0.0,14.04564857,-,7.11949444,1.90835023,52.40019226,0,0.23032714,-,-,-,-,0.33627763,-,-,0.0,0.03310389,3737.95263672,0,3012,62,9.803921699999998,-2.34375,-,52.09394836,3.12563705,872.5,15.17000008,478,42.0480423,13.93118954,0,19,81.96078491,-,-,-,1.00045776,-,-,-,-,-,-,-,-,-,-,-,-,-,97.59011078,0,2.40988755,-,-,76.86274719,-,-,13.63354778,3567.9284668000005,-,-0.43511295,-,-,14.50663757,-,-,-,-0.14041196,0.87027514,0.30956548,-0.02764004,189,56.88700104,14.19999981,0,0,0.68085104,2.37037039
Wed Feb 19 07:10:27 GMT+01:00 2020,19-feb-2020 07:10:23.164,13.93118955,42.04804118,0.0,15.17,479.0,0.0,-1.43127441,8.7515564,3.91374207,-0.01066116,-,0,32.54901886,-,0.0,14.04564285,-,7.1194973,1.90732908,52.42824554,0,0.23184314,-,-,-,-,0.33849099,-,-,0.0,0.03310389,3737.95263672,0,3012,62,9.4117651,-2.34375,-,53.82219315,3.22933149,900.0,15.17000008,479,42.0480423,13.93118954,0,19,81.96078491,-,-,-,1.00045776,-,-,-,-,-,-,-,-,-,-,-,-,-,97.61219788,0,2.38780546,-,-,76.07843018,-,-,13.63354778,3710.06542969,-,-0.43511295,-,-,14.50663757,-,-,-,-0.14285088,0.86685938,0.30224717,-0.03341197,191,56.88700104,14.19999981,0,0,0.67368424,2.37037039
Wed Feb 19 07:10:29 GMT+01:00 2020,19-feb-2020 07:10:24.854,13.93118995,42.04804088,0.0,15.17,479.0,0.0,-1.4934844999999999,8.75753784,3.92211914,-0.01041768,-,0,34.11764908,-,0.0,14.04563713,-,7.11950016,1.90631998,52.45600128,0,0.233334,-,-,-,-,0.34066764,-,-,0.0,0.03310389,3737.95263672,0,3012,62,10.196078300000002,1.5625,-,52.58773804,3.15526414,880.5,15.17000008,479,42.0480423,13.93118954,0,20,81.96078491,-,-,-,1.00045776,-,-,-,-,-,-,-,-,-,-,-,-,-,97.63375854,0,2.36623812,-,-,76.07843018,-,-,13.63354778,3604.18774414,-,-0.43511295,-,-,14.50663757,-,-,-,-0.17760856,0.86600548,0.26968423,-0.04145731,192,56.88700104,14.19999981,0,0,0.66666669,2.37037039
Wed Feb 19 07:10:31 GMT+01:00 2020,19-feb-2020 07:10:26.533,13.93118998,42.048041,0.0,15.17,479.0,0.0,-1.47554016,8.78742981,3.86230469,-0.01221286,-,0,34.11764908,-,0.0,14.04563236,-,7.11950302,1.90532243,52.48346329,0,0.23489253,-,-,-,-,0.34294309999999995,-,-,0.0,0.03310389,3737.95263672,0,3012,63,9.803921699999998,-1.5625,-,55.36525726,3.32191539,900.5,15.17000008,479,42.0480423,13.93118954,0,20,81.96078491,-,-,-,1.00045776,-,-,-,-,-,-,-,-,-,-,-,-,-,97.65479279,0,2.34520578,-,-,76.86274719,-,-,13.63354778,3673.8059081999995,-,-0.43511295,-,-,14.50663757,-,-,-,-0.13309366,0.87307954,0.31676093,-0.0231053,194,56.88700104,14.19999981,0,0,0.65979379,2.37037039
Wed Feb 19 07:10:32 GMT+01:00 2020,19-feb-2020 07:10:28.203,13.93119025,42.04804072,0.0,15.17,479.0,0.0,-1.69807434,8.76112366,3.75462341,-0.00969266,-,0,33.72549057,-,0.0,14.04562664,-,7.11950588,1.90433621,52.51064301,0,0.23632696,-,-,-,-,0.34503737,-,-,0.0,0.03310389,3737.95263672,0,3012,62,9.803921699999998,-1.5625,-,51.22983551,3.07379007,894.5,15.17000008,479,42.0480423,13.93119049,0,20,81.96078491,-,-,-,1.00045776,-,-,-,-,-,-,-,-,-,-,-,-,-,97.67534637,0,2.32465386,-,-,77.25490570000001,-,-,13.63354778,3604.18774414,-,-0.43511295,-,-,14.50663757,-,-,-,-0.17163259,0.85356665,0.26968423,-0.0537909,196,56.88700104,14.19999981,0,0,0.65306121,2.37037039
Wed Feb 19 07:10:34 GMT+01:00 2020,19-feb-2020 07:10:29.883,13.93119025,42.0480407,0.0,15.17,479.0,0.0,-1.77822876,8.64627075,3.58952332,-0.01216955,-,0,37.64706039,-,0.0,14.04562092,-,7.11950874,1.90336108,52.53754425,0,0.23775202,-,-,-,-,0.34711793,-,-,0.0,0.03310389,3737.95263672,0,3012,62,9.4117651,-3.125,-,51.22983932,3.07379031,884.0,15.17000008,479,42.0480423,13.93119049,0,19,81.96078491,-,-,-,1.00045776,-,-,-,-,-,-,-,-,-,-,-,-,-,97.69566345,0,2.30433917,-,-,76.07843018,-,-,13.63354778,3533.11938477,-,-0.43511295,-,-,14.50663757,-,-,-,-0.14687479,0.88246971,0.30968681,-0.01570843,197,56.88700104,14.19999981,0,0,0.64646465,2.37037039
Wed Feb 19 07:10:36 GMT+01:00 2020,19-feb-2020 07:10:31.573,13.93119047,42.04804061,0.0,15.17,479.0,0.0,-1.31642151,8.55055237,3.85990906,-0.01322506,-,0,36.07843018,-,0.0,14.0456152,-,7.119511599999999,1.90239692,52.56417084,0,0.23926368,-,-,-,-,0.34932497,-,-,0.0,0.03310389,3737.95263672,0,3012,62,9.4117651,-1.5625,-,53.63701629999999,3.21822095,883.0,15.17000008,479,42.0480423,13.93119049,0,19,81.96078491,-,-,-,1.00045776,-,-,-,-,-,-,-,-,-,-,-,-,-,97.71574402,0,2.28425884,-,-,76.07843018,-,-,13.63354778,3604.18774414,-,-0.43511295,-,-,14.50663757,-,-,-,-0.16480269,0.85954267,0.27444074,-0.04774027,199,56.88700104,14.19999981,0,0,0.63999999,2.37037039
Wed Feb 19 07:10:37 GMT+01:00 2020,19-feb-2020 07:10:33.263,13.9311905,42.0480407,0.0,15.17,479.0,0.0,-1.32717896,8.57807922,3.93049622,-0.00836563,-,0,36.86274719,-,0.0,14.04561043,-,7.11951447,1.90144336,52.59053421,0,0.24072057,-,-,-,-,0.35145202,-,-,0.0,0.03310389,3737.95263672,0,3012,62,9.4117651,-0.78125,-,51.72362137,3.10341716,903.0,15.17000008,479,42.0480423,13.93119049,0,19,81.96078491,-,-,-,1.00045776,-,-,-,-,-,-,-,-,-,-,-,-,-,97.73547363,0,2.26452518,-,-,76.07843018,-,-,13.63354778,3604.18774414,-,-0.43511295,-,-,14.50663757,-,-,-,-0.14370482,0.88600677,0.30456477,-0.015117199999999999,201,56.88700104,14.19999981,0,0,0.63366336,2.37037039
Wed Feb 19 07:10:39 GMT+01:00 2020,19-feb-2020 07:10:34.944,13.93119057,42.04804061,0.0,15.17,479.0,0.0,-1.37145996,8.54217529,3.84675598,-0.01306337,-,0,38.4313736,-,0.0,14.04560471,-,7.11951685,1.90050018,52.61663437,0,0.24219821,-,-,-,-,0.35360938,-,-,0.0,0.03310389,3737.95263672,0,3012,62,9.01960754,-3.90625,-,52.77290344,3.16637421,892.5,15.17000008,479,42.0480423,13.93119049,0,19,81.96078491,-,-,-,1.00045776,-,-,-,-,-,-,-,-,-,-,-,-,-,97.75474548,0,2.24525476,-,-,76.47058868,-,-,13.63354778,3604.18774414,-,-0.43511295,-,-,14.50663757,-,-,-,-0.14187562,0.86381072,0.3054187,-0.03496219,202,56.88700104,14.19999981,0,0,0.627451,2.37037039
Wed Feb 19 07:10:41 GMT+01:00 2020,19-feb-2020 07:10:36.623,13.93119052,42.04804063,0.0,15.17,479.0,0.0,-1.30804443,8.56132507,3.89579773,-0.01252133,-,0,37.64706039,-,0.0,14.04559898,-,7.11951971,1.89956713,52.64247513,0,0.24369486,-,-,-,-,0.35579449,-,-,0.0,0.03310389,3737.95263672,0,3012,62,9.803921699999998,3.125,-,53.45185089,3.20711112,896.0,15.17000008,479,42.0480423,13.93119049,0,19,81.96078491,-,-,-,1.00045776,-,-,-,-,-,-,-,-,-,-,-,-,-,97.77370453,0,2.22629857,-,-,77.25490570000001,-,-,13.63354778,3638.99682617,-,-0.43511295,-,-,14.50663757,-,-,-,-0.13980068,0.88015366,0.31432199,-0.01687361,204,56.88700104,14.19999981,0,0,0.62135923,2.37037039
Wed Feb 19 07:10:42 GMT+01:00 2020,19-feb-2020 07:10:38.313,13.93119063,42.04804063,0.0,15.17,479.0,0.0,-1.83685303,8.63070679,3.60267639,-0.01210461,-,0,33.33333206,-,0.0,14.04559326,-,7.11952257,1.89864421,52.66806793,0,0.24518287,-,-,-,-,0.35796699,-,-,0.0,0.03310389,3737.95263672,0,3012,62,9.803921699999998,-1.5625,-,53.14323425,3.1885941000000004,895.0,15.17000008,479,42.0480423,13.93119049,0,19,81.96078491,-,-,-,1.00045776,-,-,-,-,-,-,-,-,-,-,-,-,-,97.79246521,0,2.2075386000000004,-,-,76.86274719,-,-,13.63354778,3744.87451172,-,-0.43511295,-,-,14.50663757,-,-,-,-0.15102157,0.86015236,0.29578435,-0.04086336,206,56.88700104,14.30000019,0,0,0.61538464,2.37037039
Wed Feb 19 07:10:44 GMT+01:00 2020,19-feb-2020 07:10:39.995,13.93119046,42.04804073,0.0,15.17,479.0,0.0,-1.84283447,8.602005,3.43518066,-0.01349691,-,0,36.47058868,-,0.0,14.04558754,-,7.11952543,1.89773095,52.69341278,0,0.24665453,-,-,-,-,0.36011562,-,-,0.0,0.03310389,3737.95263672,0,3012,62,9.803921699999998,0.0,-,52.27912521,3.13674736,893.0,15.17000008,479,42.0480423,13.93119049,0,19,81.96078491,-,-,-,1.00045776,-,-,-,-,-,-,-,-,-,-,-,-,-,97.81077576,0,2.18922186,-,-,77.25490570000001,-,-,13.63354778,3604.18774414,-,-0.43511295,-,-,14.50663757,-,-,-,-0.18785264,0.8768608,0.2501713,-0.036969999999999996,207,56.88700104,14.19999981,0,0,0.60952383,2.37037039
Wed Feb 19 07:10:46 GMT+01:00 2020,19-feb-2020 07:10:41.683,13.9311904,42.04804079,0.0,15.17,479.0,0.0,-1.33914185,8.66540527,4.0309906,-0.00642063,-,0,35.68627548,-,0.0,14.04558277,-,7.11952829,1.89682722,52.718517299999995,0,0.24808982,-,-,-,-,0.36221114,-,-,0.0,0.03310389,3737.95263672,0,3012,61,8.62745094,-3.90625,-,51.22983551,3.07379031,898.0,15.17000008,479,42.0480423,13.93119049,0,19,81.96078491,-,-,-,1.00045776,-,-,-,-,-,-,-,-,-,-,-,-,-,97.82891846,0,2.17107916,-,-,76.86274719,-,-,13.63354778,3638.99682617,-,-0.43511295,-,-,14.50663757,-,-,-,-0.1655353,0.85356665,0.27322125,-0.05348854,209,56.88700104,14.19999981,0,0,0.60377359,2.37037039
Wed Feb 19 07:10:47 GMT+01:00 2020,19-feb-2020 07:10:43.363,13.93119053,42.04804071,0.0,15.17,479.0,0.0,-1.36906433,8.60798645,4.04534912,-0.01134119,-,0,36.47058868,-,0.0,14.04557705,-,7.11953115,1.89593291,52.74338531,0,0.24951282,-,-,-,-,0.36428872,-,-,0.0,0.03310389,3737.95263672,0,3012,61,10.196078300000002,1.5625,-,50.55088425,3.03305292,890.5,15.17000008,479,42.0480423,13.93119049,0,19,81.96078491,-,-,-,1.00045776,-,-,-,-,-,-,-,-,-,-,-,-,-,97.84664917,0,2.15334964,-,-,76.86274719,-,-,13.63354778,3604.18774414,-,-0.43511295,-,-,14.50663757,-,-,-,-0.18687738,0.87515295,0.25224471,-0.03795831,211,56.88700104,14.19999981,0,0,0.59813082,2.37037039
Wed Feb 19 07:10:49 GMT+01:00 2020,19-feb-2020 07:10:45.033,13.93119071,42.04804071,0.0,15.17,479.0,0.0,-1.36427307,8.602005,3.90536499,-0.01246329,-,0,35.29411697,-,0.0,14.04557133,-,7.11953402,1.89504778,52.76802063,0,0.2509611,-,-,-,-,0.36640319,-,-,0.0,0.03310389,3737.95263672,0,3012,61,10.5882349,3.125,-,51.72361755,3.10341692,908.5,15.17000008,479,42.0480423,13.93119049,0,19,81.96078491,-,-,-,1.00045776,-,-,-,-,-,-,-,-,-,-,-,-,-,97.86398315,0,2.13602066,-,-,76.86274719,-,-,13.63354778,3533.11938477,-,-0.43511295,-,-,14.50663757,-,-,-,-0.17187679999999997,0.85746771,0.2724902,-0.04912732,212,56.88700104,14.19999981,0,0,0.5925925999999999,2.37037039
Wed Feb 19 07:10:51 GMT+01:00 2020,19-feb-2020 07:10:46.703,13.93119067,42.04804084,0.0,15.17,479.0,0.0,-1.52459717,8.77787781,3.81445312,-0.01220183,-,0,31.37254906,-,0.0,14.04556561,-,7.1195364,1.89417171,52.79242706,0,0.25244367,-,-,-,-,0.36856776,-,-,0.0,0.03310389,3737.95263672,0,3012,61,9.4117651,0.0,-,53.26668549,3.19600105,896.0,15.17000008,479,42.0480423,13.93119049,0,19,81.96078491,-,-,-,1.00045776,-,-,-,-,-,-,-,-,-,-,-,-,-,97.88104248,0,2.11895823,-,-,77.25490570000001,-,-,13.63354778,3673.8059081999995,-,-0.43511295,-,-,14.50663757,-,-,-,-0.15541255,0.89478874,0.28883314,-0.01173988,214,56.88700104,14.19999981,0,0,0.58715594,2.37037039
Wed Feb 19 07:10:53 GMT+01:00 2020,19-feb-2020 07:10:48.377,13.93119063,42.04804105,0.0,15.17,479.0,0.0,-1.6693573,8.72163391,3.7618102999999996,-0.01432899,-,0,35.29411697,-,0.0,14.04555988,-,7.11953926,1.89330435,52.81661224,0,0.25391766,-,-,-,-,0.37071979,-,-,0.0,0.03310389,3737.95263672,0,3012,61,10.5882349,0.78125,-,52.95806885,3.17748427,887.0,15.17000008,479,42.0480423,13.93119049,0,19,81.96078491,-,-,-,1.00045776,-,-,-,-,-,-,-,-,-,-,-,-,-,97.89785004,0,2.10214639,-,-,77.25490570000001,-,-,13.63354778,3673.8059081999995,-,-0.43511295,-,-,14.50663757,-,-,-,-0.18443847,0.87259114,0.25541624,-0.03959201,216,56.88700104,14.19999981,0,0,0.58181816,2.37037039
Wed Feb 19 07:10:54 GMT+01:00 2020,19-feb-2020 07:10:50.103,13.93119053,42.04804113,0.0,15.17,479.0,0.0,-1.34034729,8.51824951,3.79411316,-0.01122318,-,0,34.90196228,-,0.0,14.04555511,-,7.11954212,1.89244568,52.84057617,0,0.25541544,-,-,-,-,0.37290651,-,-,0.0,0.03310389,3737.95263672,0,3012,62,9.4117651,-3.125,-,53.14323807,3.1885941000000004,895.5,15.17000008,479,42.0480423,13.93119049,0,19,81.96078491,-,-,-,1.00045776,-,-,-,-,-,-,-,-,-,-,-,-,-,97.91494751,0,2.08504939,-,-,77.25490570000001,-,-,13.63354778,3673.8059081999995,-,-0.43511295,-,-,14.50663757,-,-,-,-0.14650926,0.88795727,0.2922473,-0.01793604,217,56.88700104,14.19999981,0,0,0.57657659,2.37037039
Wed Feb 19 07:10:56 GMT+01:00 2020,19-feb-2020 07:10:51.803,13.93119025,42.04804131,0.0,15.17,478.0,0.0,-1.63465881,8.74436951,3.65890503,-0.01299861,-,0,35.68627548,-,0.0,14.04554939,-,7.11954498,1.8915956000000003,52.86432266,0,0.25687549,-,-,-,-,0.37503821,-,-,0.0,0.03310389,3737.95263672,0,3012,61,9.4117651,-0.78125,-,51.22983932,3.07379031,881.5,15.17000008,478,42.0480423,13.93119049,0,19,81.96078491,-,-,-,1.00045776,-,-,-,-,-,-,-,-,-,-,-,-,-,97.93150329999999,0,2.06849861,-,-,77.25490570000001,-,-,13.63354778,3673.8059081999995,-,-0.43511295,-,-,14.50663757,-,-,-,-0.17090154,0.85137039,0.26724529,-0.05685872,219,56.88700104,14.19999981,0,0,0.5714286,2.37037039
Wed Feb 19 07:10:58 GMT+01:00 2020,19-feb-2020 07:10:53.483,13.93119018,42.0480415,0.0,16.687,478.0,0.0,-1.65141296,8.75872803,3.83717346,-0.00963011,-,0,34.90196228,-,0.0,14.04554367,-,7.11954784,1.89075375,52.88785934,0,0.25840044,-,-,-,-,0.37726465,-,-,0.0,0.03310389,3737.95263672,0,3012,62,8.62745094,-3.90625,-,53.82219315,3.22933149,888.0,16.68700027,478,42.0480423,13.93119049,0,19,81.96078491,-,-,-,1.00045776,-,-,-,-,-,-,-,-,-,-,-,-,-,97.94760895,0,2.05238914,-,-,76.86274719,-,-,13.63354778,3638.99682617,-,-0.43511295,-,-,14.50663757,-,-,-,-0.1323626,0.8763724,0.30651686,-0.02457491,221,56.88700104,14.19999981,0,0,0.56637168,2.37037039
Wed Feb 19 07:10:59 GMT+01:00 2020,19-feb-2020 07:10:55.196,13.931190099999998,42.04804153,0.0,16.687,478.0,0.0,-1.62150574,8.80178833,3.85272217,0.01226526,-,0,31.37254906,-,0.0,14.04553795,-,7.1195507,1.88992012,52.91119003,0,0.25984341,-,-,-,-,0.37937137,-,-,0.0,0.03310389,3737.95263672,0,3012,62,10.196078300000002,2.34375,-,51.22983932,3.07379031,898.0,16.68700027,478,42.0480423,13.93119049,0,19,81.96078491,-,-,-,1.00045776,-,-,-,-,-,-,-,-,-,-,-,-,-,97.96374512,0,2.03625727,-,-,77.25490570000001,-,-,13.63354778,3567.9284668000005,-,-0.43511295,-,-,14.50663757,-,-,-,-0.18443847,0.87466455,0.25870907,-0.03648468,223,56.88700104,14.19999981,0,0,0.56140351,2.37037039
Wed Feb 19 07:11:01 GMT+01:00 2020,19-feb-2020 07:10:56.895,13.93118976,42.04804161,0.0,16.687,478.0,0.0,-1.67654419,8.37947083,3.62541199,-0.01219846,-,0,36.86274719,-,0.0,14.04553223,-,7.11955357,1.88909447,52.93431473,0,0.26129493,-,-,-,-,0.38149059,-,-,0.0,0.03310389,3737.95263672,0,3012,61,9.4117651,-1.5625,-,51.22983932,3.07379031,881.5,16.68700027,478,42.0480423,13.93118954,0,19,81.96078491,-,-,-,1.00045776,-,-,-,-,-,-,-,-,-,-,-,-,-,97.97953033,0,2.02046919,-,-,76.47058868,-,-,13.63354778,3567.9284668000005,-,-0.43511295,-,-,14.50663757,-,-,-,-0.14699766,0.88832438,0.29236862,-0.017482400000000002,224,56.88700104,14.19999981,0,0,0.55652171,2.37037039
Wed Feb 19 07:11:03 GMT+01:00 2020,19-feb-2020 07:10:58.595,13.93118979,42.04804147,0.0,16.687,478.0,0.0,-1.34034729,8.64506531,3.94963074,-0.01198981,-,0,33.72549057,-,0.0,14.04552746,-,7.11955643,1.8882767,52.95724106,0,0.26280415,-,-,-,-,0.38369405,-,-,0.0,0.03310389,3737.95263672,0,3012,62,10.196078300000002,0.78125,-,53.26668549,3.19600129,892.5,16.68700027,478,42.0480423,13.93118954,0,19,81.96078491,-,-,-,1.00045776,-,-,-,-,-,-,-,-,-,-,-,-,-,97.99507904,0,2.00492406,-,-,76.47058868,-,-,13.63354778,3567.9284668000005,-,-0.43511295,-,-,14.50663757,-,-,-,-0.16602215,0.89015353,0.27932012,-0.01792106,226,56.88700104,14.19999981,0,0,0.55172414,2.37037039
Wed Feb 19 07:11:04 GMT+01:00 2020,19-feb-2020 07:11:00.283,13.93118988,42.04804136,0.0,16.687,478.0,0.0,-1.2901001,8.58166504,3.96759033,-0.01201549,-,0,33.33333206,-,0.0,14.04552174,-,7.11955881,1.88746655,52.97996902,0,0.26434311,-,-,-,-,0.38594094,-,-,0.0,0.03310389,3737.95263672,0,3012,62,10.196078300000002,5.46875,-,54.31597137,3.25895834,883.5,16.68700027,478,42.0480423,13.93118954,0,19,81.96078491,-,-,-,1.00045776,-,-,-,-,-,-,-,-,-,-,-,-,-,98.01029205,0,1.98970568,-,-,78.03921509,-,-,13.63354778,3567.9284668000005,-,-0.43511295,-,-,14.50663757,-,-,-,-0.14724186,0.86490732,0.28444216,-0.04178937,228,56.88700104,14.30000019,0,0,0.54700857,2.37037039
Wed Feb 19 07:11:06 GMT+01:00 2020,19-feb-2020 07:11:02.013,13.93119006,42.04804138,0.0,16.687,478.0,0.0,-1.84881592,8.60438538,3.44236755,-0.01268683,-,0,35.29411697,-,0.0,14.04551601,-,7.11956167,1.88666403,53.00250244,0,0.26577538,-,-,-,-,0.38803205,-,-,0.0,0.03310389,3737.95263672,0,3012,62,10.5882349,3.90625,-,50.55088425,3.03305316,882.0,16.68700027,478,42.0480423,13.93119049,0,19,81.96078491,-,-,-,1.00045776,-,-,-,-,-,-,-,-,-,-,-,-,-,98.02563477,0,1.97436452,-,-,77.64705658,-,-,13.63354778,3604.18774414,-,-0.43511295,-,-,14.50663757,-,-,-,-0.17919511,0.88234836,0.27419809,-0.02464189,229,56.88700104,14.19999981,0,0,0.54237288,2.37037039
Wed Feb 19 07:11:08 GMT+01:00 2020,19-feb-2020 07:11:03.745,13.93119027,42.048041299999994,0.0,16.687,478.0,0.0,-1.33676147,8.64028931,3.97955322,-0.01139402,-,0,37.25490189,-,0.0,14.04551029,-,7.11956453,1.88586903,53.02484894,0,0.2673308,-,-,-,-,0.39030299,-,-,0.0,0.03310389,3737.95263672,0,3012,62,9.01960754,-3.90625,-,53.94563293,3.23673797,882.5,16.68700027,478,42.0480423,13.93119049,0,19,81.96078491,-,-,-,1.00045776,-,-,-,-,-,-,-,-,-,-,-,-,-,98.04074097,0,1.95925808,-,-,77.25490570000001,-,-,13.63354778,3673.8059081999995,-,-0.43511295,-,-,14.50663757,-,-,-,-0.13821569,0.86563993,0.28517476,-0.0421784,231,56.88700104,14.19999981,0,0,0.53781515,2.37037039
Wed Feb 19 07:11:10 GMT+01:00 2020,19-feb-2020 07:11:05.434,13.93119048,42.04804116,0.0,15.17,478.0,0.0,-1.80455017,8.63549805,3.47227478,-0.01456112,-,0,30.98039246,-,0.0,14.04550457,-,7.11956739,1.88508129,53.04700851,0,0.26877463,-,-,-,-,0.39241096,-,-,0.0,0.03310389,3737.95263672,0,3012,62,9.803921699999998,-1.5625,-,50.36571884,3.02194309,887.0,15.17000008,478,42.0480423,13.93119049,0,19,81.96078491,-,-,-,1.00045776,-,-,-,-,-,-,-,-,-,-,-,-,-,98.05527496,0,1.94472241,-,-,76.86274719,-,-,13.63354778,3533.11938477,-,-0.43511295,-,-,14.50663757,-,-,-,-0.13699624,0.87490875,0.29736936,-0.02903164,233,56.88700104,14.19999981,0,0,0.53333336,2.37037039
Wed Feb 19 07:11:11 GMT+01:00 2020,19-feb-2020 07:11:07.123,13.93119059,42.04804116,0.0,15.17,478.0,0.0,-1.4707489,8.73240662,3.84436035,-0.01164438,-,0,34.50980377,-,0.0,14.045499800000002,-,7.11957026,1.88430071,53.06898117,0,0.27025062,-,-,-,-,0.39456591,-,-,0.0,0.03310389,3737.95263672,0,3012,62,9.803921699999998,1.5625,-,52.40256882,3.14415407,895.5,15.17000008,478,42.0480423,13.93119049,0,19,81.96078491,-,-,-,1.00045776,-,-,-,-,-,-,-,-,-,-,-,-,-,98.06959534,0,1.93040097,-,-,77.25490570000001,-,-,13.63354778,3567.9284668000005,-,-0.43511295,-,-,14.50663757,-,-,-,-0.18138982,0.87966526,0.25334284,-0.03449444,234,56.88700104,14.19999981,0,0,0.5289256,2.37037039
Wed Feb 19 07:11:13 GMT+01:00 2020,19-feb-2020 07:11:08.833,13.93119046,42.04804109,0.0,15.17,478.0,0.0,-1.50544739,8.76112366,3.86470032,-0.01013164,-,0,34.11764908,-,0.0,14.04549408,-,7.11957312,1.88352716,53.09077454,0,0.27173272,-,-,-,-,0.39672977,-,-,0.0,0.03310389,3737.95263672,0,3012,62,10.5882349,0.78125,-,52.58773804,3.15526414,895.0,15.17000008,478,42.0480423,13.93119049,0,19,81.96078491,-,-,-,1.00045776,-,-,-,-,-,-,-,-,-,-,-,-,-,98.08387756,0,1.91612315,-,-,77.25490570000001,-,-,13.63354778,3567.9284668000005,-,-0.43511295,-,-,14.50663757,-,-,-,-0.14175275,0.88112891,0.30651686,-0.01898256,236,56.88700104,14.19999981,0,0,0.52459013,2.37037039
Wed Feb 19 07:11:15 GMT+01:00 2020,19-feb-2020 07:11:10.553,13.93119053,42.04804113,0.0,15.17,478.0,0.0,-1.38819885,8.66659546,4.02381897,-0.01147778,-,0,38.03921509,-,0.0,14.04548836,-,7.11957598,1.88276052,53.11239243,0,0.27316687,-,-,-,-,0.39882362,-,-,0.0,0.03310389,3737.95263672,0,3012,61,9.803921699999998,0.0,-,50.0571022,3.00342607,881.5,15.17000008,478,42.0480423,13.93119049,0,19,81.96078491,-,-,-,1.00045776,-,-,-,-,-,-,-,-,-,-,-,-,-,98.09803009,0,1.90197325,-,-,77.25490570000001,-,-,13.63354778,3604.18774414,-,-0.43511295,-,-,14.50663757,-,-,-,-0.1829748,0.8785671,0.2561473,-0.03416467,238,56.88700104,14.19999981,0,0,0.52032518,2.37037039
Wed Feb 19 07:11:16 GMT+01:00 2020,19-feb-2020 07:11:12.253,13.93119053,42.04804118,0.0,15.17,478.0,0.0,-1.39657593,8.53379822,3.95681763,-0.00487902,-,0,38.03921509,-,0.0,14.04548264,-,7.11957884,1.8820008000000001,53.13383484,0,0.27460229,-,-,-,-,0.40091935,-,-,0.0,0.03310389,3737.95263672,0,3012,61,10.196078300000002,0.0,-,50.36571884,3.02194309,883.0,15.17000008,478,42.0480423,13.93119049,0,19,81.96078491,-,-,-,1.00045776,-,-,-,-,-,-,-,-,-,-,-,-,-,98.11180878,0,1.88819182,-,-,77.25490570000001,-,-,13.63354778,3638.99682617,-,-0.43511295,-,-,14.50663757,-,-,-,-0.14943658,0.88576257,0.27358836,-0.02679823,240,56.88700104,14.19999981,0,0,0.51612902,2.37037039
Wed Feb 19 07:11:18 GMT+01:00 2020,19-feb-2020 07:11:13.983,13.93119072,42.04804122,0.0,15.17,478.0,0.0,-1.93855286,8.85803223,3.01524353,-0.00361691,-,0,34.11764908,-,0.0,14.04547787,-,7.11958122,1.88124764,53.15510559,0,0.27607304,-,-,-,-,0.40306664,-,-,0.0,0.03310389,3737.95263672,0,3012,61,10.5882349,0.78125,-,51.90878677,3.11452723,873.5,15.17000008,478,42.0480423,13.93119049,0,20,81.96078491,-,-,-,1.00045776,-,-,-,-,-,-,-,-,-,-,-,-,-,98.12562561,0,1.87437057,-,-,78.03921509,-,-,13.63354778,3638.99682617,-,-0.43511295,-,-,14.50663757,-,-,-,-0.05613865,0.90149575,0.21516943,-0.04302387,241,56.88700104,14.19999981,0,0,0.51200002,2.37037039
Wed Feb 19 07:11:20 GMT+01:00 2020,19-feb-2020 07:11:15.695,13.93119096,42.0480411,0.0,15.17,478.0,0.0,-1.72320557,8.68814087,2.64794922,-0.0386228,-,0,100.0,-,0.0,14.04547215,-,7.11958408,1.88050115,53.176208499999994,0,0.27755871,-,-,-,-,0.40523571,-,-,0.0,0.03310389,3737.95263672,0,3012,61,0.0,0.0,-,51.22983551,3.07379031,884.0,15.17000008,478,42.0480423,13.93119049,0,20,81.96078491,-,-,-,1.00045776,-,-,-,-,-,-,-,-,-,-,-,-,-,98.13909149,0,1.86090672,-,-,5.49019623,-,-,13.63354778,7041.58203125,-,-0.43511295,-,-,14.50663757,-,-,-,-0.17199811,0.8760068999999999,0.17297211,-0.06614735,243,56.88700104,14.19999981,0,0,0.50793654,2.37037039
Wed Feb 19 07:11:22 GMT+01:00 2020,19-feb-2020 07:11:17.403,13.93119102,42.04804113,0.0,15.17,478.0,0.0,-0.29707336,8.78146362,2.40507507,-0.00015709,-,0,38.82352829,-,0.0,14.04546642,-,7.11958694,1.8797611,53.19714355,0,0.27978045,-,-,-,-,0.40847945,-,-,1.0,0.03310389,3737.95263672,0,3012,67,7.05882359,28.90625,-,77.95576477,4.67734575,1044.0,15.17000008,478,42.0480423,13.93119144,0,20,81.96078491,-,-,-,1.00045776,-,-,-,-,-,-,-,-,-,-,-,-,-,98.15236664,0,1.84763479,-,-,43.92156982,-,-,14.79384899,5092.27490234,-,0.72518826,-,-,14.50663757,-,0.61908698,0.06768464,-0.0168671,0.94113284,0.22736557,-0.00307351,245,58.1269989,14.19999981,0,1,0.51181102,2.32142854
Wed Feb 19 07:11:23 GMT+01:00 2020,19-feb-2020 07:11:19.223,13.93119098,42.04804114,0.0,15.17,478.0,0.0,-0.64881897,8.99681091,3.51654053,-0.01115365,-,0,61.56863022,-,0.84988427,14.045357699999999,117.66062927,7.11964226,1.87131953,53.43711853,0,0.28195596,-,-,-,-,0.41165569,-,-,6.0,0.03476639,3737.95410156,0,3012,68,5.88235283,-3.125,-,76.78302765,4.60698175,1068.5,15.17000008,478,42.0480423,13.93119144,0,20,81.96078491,-,-,-,1.00045776,-,-,-,-,-,-,-,-,-,-,-,-,-,97.60374451,0,2.39625812,-,-,70.19608307,-,-,14.35873604,3850.75195312,-,0.2900753,-,-,14.50663757,-,18.14675331,2.03053927,-0.02698986,0.8540535,0.27358836,-0.06710215,247,59.94599915,14.19999981,0,6,0.5546875,2.4482758
Wed Feb 19 07:11:25 GMT+01:00 2020,19-feb-2020 07:11:20.814,13.93119121,42.0480412,0.0,15.17,479.0,0.0,-0.48851013,8.94178772,4.27746582,-0.00278729,-,0,58.4313736,-,4.67796373,14.04528046,21.37637711,7.11968136,1.89413774,52.79337311,0,0.28343979,-,-,-,-,0.41382205,-,-,6.0,0.03759972,3737.95703125,0,3012,64,7.05882359,-5.46875,-,52.09395218,3.12563705,925.5,15.17000008,479,42.0480423,13.93119144,0,19,81.96078491,-,-,-,1.00045776,-,-,-,-,-,-,-,-,-,-,-,-,-,96.96516418,0,3.03483891,-,-,76.07843018,-,-,13.92362309,3638.99682617,-,-0.14503765,-,-,14.50663757,-,18.14675331,2.03053927,-0.06516327,0.90808147,0.3399322,0.01148264,248,61.53699875,14.19999981,0,6,0.59689921,2.5666666
Wed Feb 19 07:11:27 GMT+01:00 2020,19-feb-2020 07:11:22.504,13.93119134,42.048041299999994,0.0,15.17,479.0,0.0,-1.05918884,8.82333374,3.95561218,-0.01476735,-,0,32.54901886,-,4.72207069,14.04520321,21.17671013,7.11972046,1.91694367,52.16529083,0,0.28498489,-,-,-,-,0.41607791,-,-,4.0,0.03994694,3737.95947266,0,3012,63,6.66666651,43.75,-,54.50113678,3.27006817,918.0,15.17000008,479,42.0480423,13.93119144,0,20,81.96078491,-,-,-,1.00045776,-,-,-,-,-,-,-,-,-,-,-,-,-,96.80272675,0,3.19727206,-,-,21.56862831,-,-,13.77858543,6758.75878906,-,-0.2900753,-,-,14.50663757,-,-,-,-0.12992212,0.89064038,0.13016507,-0.07065301,250,63.22600174,14.19999981,0,4,0.62307692,2.61290312
Wed Feb 19 07:11:28 GMT+01:00 2020,19-feb-2020 07:11:24.183,13.93119095,42.04804169,0.0,15.17,479.0,0.0,-1.60595703,8.75991821,3.79411316,0.0426376,-,0,49.80392075,-,2.36450958,14.04510689,42.29118729,7.119769099999999,1.92052412,52.06803513,0,0.28869617,-,-,-,-,0.42149639,-,-,11.0,0.04348444,3737.96289062,0,3012,83,5.49019623,-21.875,-,131.8396759,7.91038084,1271.5,15.17000008,479,42.0480423,13.93119049,0,20,81.96078491,-,-,-,1.00045776,-,-,-,-,-,-,-,-,-,-,-,-,-,96.32968903,0,3.67030907,-,-,5.88235283,-,-,14.50377369,6722.49902344,-,0.43511295,-,-,14.50663757,-,39.39392853,5.24546099,-0.16370611,0.89295799,0.28675973,-0.01287175,252,64.90699768,14.19999981,0,11,0.70229006,2.875
Wed Feb 19 07:11:30 GMT+01:00 2020,19-feb-2020 07:11:25.883,13.93110629,42.04812048,3.04,16.687,475.0,319.3,-0.42150879,8.71206665,3.38374329,-0.00293926,-,0,23.92156982,-,6.40545082,14.04504395,15.61137867,7.11980152,1.95611882,51.12057495,0,0.29114544,-,-,-,-,0.42507237,-,-,5.2159996,0.049314300000000005,3737.96875,0,3012,78,8.23529434,-14.0625,-,86.90554809999999,5.21433306,905.5,16.68700027,475,42.04811859,13.93110657,319.29998779,21,81.96078491,-,-,-,1.00045776,-,-,-,-,-,-,-,-,-,-,-,-,-,95.67040253,0,4.32959366,-,-,77.64705658,-,-,15.37400055,3567.9284668000005,-,1.30533981,-,-,14.50663757,-,30.51404381,2.89351821,-0.03247898,0.83953977,0.32176009,-0.05959189,253,66.60600281,14.19999981,10.94399929,14,0.80303031,3.21212125
Wed Feb 19 07:11:32 GMT+01:00 2020,19-feb-2020 07:11:27.595,13.93100288,42.04822582,4.25,18.203999,471.0,318.8,0.3190918,9.05543518,3.36817932,0.00730936,-,0,29.80392265,-,30.52806473,14.04517937,3.27560616,7.11973238,2.18109488,45.84757996,0,0.29251114,-,-,-,-,0.42706624,86.63972473,86.63972473,0.32800007,0.05588652,3737.9753418000005,0,3012,72,11.76470566,-1.5625,-,48.51403809,2.91084242,889.0,18.20399857,471,42.0482254,13.93100262,318.79998779,22,81.96078491,-,-,-,1.00045776,-,-,-,-,-,-,-,-,-,-,-,-,-,95.01589966,0,4.984097,-,-,77.64705658,-,-,13.92362309,3638.99682617,-,-0.14503765,-,-,14.50663757,-,30.51404381,2.89351821,-0.01613605,0.86893278,0.27041683,-0.05494812,255,68.31600189,14.19999981,15.29999924,14,0.90225565,3.52941179
Wed Feb 19 07:11:33 GMT+01:00 2020,19-feb-2020 07:11:29.283,13.93096748,42.04828824,4.72,19.720999,471.0,323.6,-2.52838135,8.56610107,4.44136047,0.03579837,-,0,33.72549057,-,23.74349022,14.04525948,4.21159315,7.11969185,2.34955096,42.56043625,0,0.29394126,-,-,-,-,0.42915425,111.39656067,99.0181427,0.29999924,0.06276999,3737.98217773,0,3012,69,10.196078300000002,-3.125,-,50.18055344,3.01083302,885.0,19.72099876,471,42.04828644,13.93096733,323.6000061,22,81.96078491,-,-,-,1.00045776,-,-,-,-,-,-,-,-,-,-,-,-,-,94.37779236,0,5.62220573,-,-,77.25490570000001,-,-,13.63354778,3604.18774414,-,-0.43511295,-,-,14.50663757,-,10.9611063,1.01586425,-0.2577351,0.87320089,0.35273805,0.01714575,257,70.00599670000001,14.19999981,16.99199867,15,1.00746274,3.85714293
Wed Feb 19 07:11:35 GMT+01:00 2020,19-feb-2020 07:11:30.963,13.93081879,42.04829502,5.33,21.237999,472.0,290.2,-0.84263611,8.26101685,3.227005,0.00479547,-,0,30.98039246,-,21.94147491,14.04532528,4.55748367,7.11965847,2.50142646,39.97636032,0,0.29539803,-,-,-,-,0.43128112,120.54536438,106.1938858,1.43199921,0.07032555,3737.98974609,0,3012,67,10.98039246,0.78125,-,51.41500473,3.08490038,891.0,21.23799896,472,42.04829407,13.93081856,290.20001221,23,81.96078491,-,-,-,1.00045776,-,-,-,-,-,-,-,-,-,-,-,-,-,93.75152588,0,6.24847031,-,-,77.64705658,-,-,13.63354778,3604.18774414,-,-0.43511295,-,-,14.50663757,-,24.79391289,2.3134532,-0.17004761,0.86332232,0.34481159,-0.01371234,258,71.68699646,14.19999981,19.18799973,17,1.1259259,4.22222233
Wed Feb 19 07:11:37 GMT+01:00 2020,19-feb-2020 07:11:32.633,13.93072858,42.04824368,4.63,19.720999,469.0,264.8,0.09535217,8.75752258,3.86828613,-0.00882472,-,0,29.80392265,-,28.01492691,14.04544067,3.56945157,7.1196003,2.69768405,37.06806183,0,0.29678181,-,-,-,-,0.43330142,94.41192627,103.24839783,2.23999977,0.07867055,3737.99804688,0,3012,65,10.98039246,-2.34375,-,49.68677139,2.98120618,891.5,19.72099876,469,42.04824448,13.93072891,264.79998779,23,81.96078491,-,-,-,1.00045776,-,-,-,-,-,-,-,-,-,-,-,-,-,93.13754272,0,6.86246061,-,-,78.43137359999999,-,-,13.63354778,3567.9284668000005,-,-0.43511295,-,-,14.50663757,-,28.2263298,2.63520074,0.0097199,0.89271379,0.29432070000000005,-0.02369464,260,73.35700226,14.19999981,16.66799927,19,1.25735295,4.62162161
Wed Feb 19 07:11:38 GMT+01:00 2020,19-feb-2020 07:11:34.314,13.93065392,42.04823234,4.63,18.203999,469.0,251.3,-0.25520325,8.37348938,4.32531738,0.00344542,-,0,32.94117737,-,31.79314423,14.04558659,3.14526677,7.11952591,2.91978693,34.24836349,0,0.29820502,-,-,-,-,0.43537933,83.19224548,99.23716736,5.33200073,0.08823153,3738.00756836,0,3012,63,10.5882349,4.6875,-,50.85949707,3.05156994,890.0,18.20399857,469,42.04823303,13.93065357,251.30000305,23,81.96078491,-,-,-,1.00045776,-,-,-,-,-,-,-,-,-,-,-,-,-,92.52793121,0,7.47206593,-,-,78.03921509,-,-,13.63354778,3638.99682617,-,-0.43511295,-,-,14.50663757,-,48.78575897,4.54695892,0.00069528,0.87381059,0.28736946,-0.04384889,262,75.03700256,14.19999981,16.66799927,22,1.40875912,5.07894754
Wed Feb 19 07:11:40 GMT+01:00 2020,19-feb-2020 07:11:36.023,13.93050273,42.04820662,6.28,16.687,469.0,238.6,0.10493469,7.85543823,4.05851746,0.01713995,-,0,33.72549057,-,32.32850266,14.04573727,3.09318137,7.11944962,3.14258003,31.82032394,0,0.29967317,-,-,-,-,0.43752283,81.81459045,96.33340454,5.74799919,0.09902236,3738.01855469,0,3012,63,9.803921699999998,-3.125,-,52.402565,3.14415383,887.0,16.68700027,469,42.04820633,13.93050289,238.6000061,23,81.96078491,-,-,-,1.00045776,-,-,-,-,-,-,-,-,-,-,-,-,-,91.91558075,0,8.08441639,-,-,77.64705658,-,-,13.63354778,3604.18774414,-,-0.43511295,-,-,14.50663757,-,35.3898735,3.28730965,0.00691545,0.88612962,0.28944287,-0.03171309,263,76.74700165,14.19999981,22.6079998,24,1.57246375,5.56410265
Wed Feb 19 07:11:42 GMT+01:00 2020,19-feb-2020 07:11:37.714,13.93034926,42.04816262,6.49,16.687,470.0,244.4,5.03773499,8.98724365,1.48503113,0.08009607,-,0,32.94117737,-,35.48980331,14.04574966,2.81765199,7.11944342,3.23511958,30.9101162,0,0.30111420000000005,-,-,-,-,0.43962672,74.52684784,93.2181778,1.3920002,0.11034903,3738.02978516,0,3012,62,9.803921699999998,1.5625,-,50.85950089,3.05156994,885.5,16.68700027,470,42.04816437,13.93034935,244.3999939,23,81.96078491,-,-,-,1.00045776,-,-,-,-,-,-,-,-,-,-,-,-,-,91.31865692,0,8.68134212,-,-,77.64705658,-,-,13.63354778,3638.99682617,-,-0.43511295,-,-,14.50663757,-,35.3898735,3.28730965,0.39596167,0.85307825,0.30614975,0.02479413,265,78.43599701,14.19999981,23.36399841,24,1.73381293,6.0250001
Wed Feb 19 07:11:44 GMT+01:00 2020,19-feb-2020 07:11:39.413,13.93023715,42.04816255,5.49,16.687,469.0,297.9,0.99624634,8.70249939,0.59130859,0.01719329,-,0,33.33333206,-,36.91994095,14.04576111,2.70850706,7.11943769,3.32627773,30.06300926,0,0.30252329,-,-,-,-,0.44168401,71.63996124,90.52090454,0.36399841,0.12137444,3738.04077148,0,3012,61,9.4117651,-3.125,-,50.0571022,3.00342607,888.5,16.68700027,469,42.04816437,13.93023682,297.8999939,24,81.96078491,-,-,-,1.00045776,-,-,-,-,-,-,-,-,-,-,-,-,-,90.72562408,0,9.27437687,-,-,77.64705658,-,-,13.63354778,3604.18774414,-,-0.43511295,-,-,14.50663757,-,-,-,0.00069528,1.06016386,0.14053047,0.08747889,267,80.13600159,14.19999981,19.76399803,23,1.88571429,6.43902445
Wed Feb 19 07:11:45 GMT+01:00 2020,19-feb-2020 07:11:41.103,13.93019725,42.04818245,4.75,16.687,467.0,304.5,0.96754456,8.73001099,3.61943054,-0.01076628,-,0,32.94117737,-,35.8482666,14.04577255,2.78947711,7.11943197,3.41608548,29.27266312,0,0.30390659,-,-,-,-,0.44370365,73.78162384,88.66098022,5.23600197,0.13264111,3738.05200195,0,3012,60,10.196078300000002,0.0,-,48.82265091,2.92935896,882.5,16.68700027,467,42.04818344,13.93019772,304.5,24,81.96078491,-,-,-,1.00045776,-,-,-,-,-,-,-,-,-,-,-,-,-,90.1436615,0,9.85633755,-,-,77.64705658,-,-,13.63354778,3710.06542969,-,-0.43511295,-,-,14.50663757,-,37.0524292,3.42428088,0.13204373,0.86978674,0.23968303,-0.05662477,268,81.82599640000001,14.19999981,17.10000038,25,2.04964542,6.88095236
Wed Feb 19 07:11:47 GMT+01:00 2020,19-feb-2020 07:11:42.802,13.93008769,42.04824037,4.98,18.203999,466.0,306.0,0.83833313,8.75035095,3.18992615,-0.01627775,-,0,31.76470566,-,37.71421432,14.045784,2.65146494,7.11942577,3.50457287,28.53355408,0,0.30534437,-,-,-,-,0.44580278,70.1312027,86.80800629,10.71999931,0.14522861,3738.06469727,0,3012,60,10.196078300000002,0.78125,-,51.04467392,3.06268024,888.0,18.20399857,466,42.04824066,13.93008804,306,24,81.96078491,-,-,-,1.00045776,-,-,-,-,-,-,-,-,-,-,-,-,-,89.56574249,0,10.43425751,-,-,77.64705658,-,-,13.63354778,3567.9284668000005,-,-0.43511295,-,-,14.50663757,-,61.13903046,5.68551064,0.05508874,0.90478861,0.20199803,-0.04422604,270,83.52600098,14.19999981,17.9279995,28,2.23239446,7.3720932
Wed Feb 19 07:11:49 GMT+01:00 2020,19-feb-2020 07:11:44.503,13.92994717,42.04830512,5.84,22.755,466.0,294.3,1.0118103,7.96072388,3.76779175,0.02284043,-,0,31.76470566,-,45.45532608,14.04579544,2.19991636,7.11942005,3.59176826,27.84086037,0,0.30673817,-,-,-,-,0.44783771,58.18774796,84.2061615,11.0720005,0.15852861,3738.07788086,0,3012,60,10.5882349,0.0,-,49.19298553,2.95157933,885.5,22.75499916,466,42.04830551,13.9299469,294.29998779,24,81.96078491,-,-,-,1.00045776,-,-,-,-,-,-,-,-,-,-,-,-,-,88.99518585,0,11.0048151,-,-,77.64705658,-,-,13.63354778,3604.18774414,-,-0.43511295,-,-,14.50663757,-,21.54512215,1.99790823,0.13911784,0.9928415999999999,0.16077597,0.03625562,272,85.22599792,14.19999981,21.02400017,29,2.41958046,7.86363649
Wed Feb 19 07:11:50 GMT+01:00 2020,19-feb-2020 07:11:46.202,13.92990605,42.04832218,5.35,25.789,466.0,286.6,-1.11302185,9.22053528,2.29620361,-0.01101681,-,0,34.50980377,-,47.07873154,14.04580688,2.12405729,7.11941433,3.67770028,27.19034004,0,0.30814016,-,-,-,-,0.44988462,56.18127441,81.87075806,9.97599983,0.17277028,3738.09228516,0,3012,59,10.196078300000002,-1.5625,-,49.19298553,2.95157909,888.5,25.78899956,466,42.04832077,13.92990589,286.6000061,24,81.96078491,-,-,-,1.00045776,-,-,-,-,-,-,-,-,-,-,-,-,-,88.43185425,0,11.56814957,-,-,77.64705658,-,-,13.63354778,3567.9284668000005,-,-0.43511295,-,-,14.50663757,-,45.10101318,4.1964469,0.15448396,0.87088329,0.33517566,-0.01392448,274,86.9260025,14.19999981,19.25999832,31,2.61805558,8.37777805
Wed Feb 19 07:11:52 GMT+01:00 2020,19-feb-2020 07:11:47.903,13.92956345,42.04834056,8.08,25.789,466.0,272.7,-0.54353333,8.50270081,4.11593628,-0.01297348,-,0,32.54901886,-,45.06794357,14.04581928,2.21882606,7.11940813,3.76239586,26.57825661,0,0.30956402,-,-,-,-,0.45196345,58.68790817,80.08746338,6.82800102,0.18779249,3738.10717773,0,3012,59,10.196078300000002,0.0,-,50.55088425,3.03305316,879.5,25.78899956,466,42.04833984,13.92956352,272.70001221,24,81.96078491,-,-,-,1.00045776,-,-,-,-,-,-,-,-,-,-,-,-,-,87.87560272,0,12.12439632,-,-,77.64705658,-,-,13.63354778,3604.18774414,-,-0.43511295,-,-,14.50663757,-,49.07603836,4.52005053,-0.05540605,0.86673808,0.31956536,-0.03512922,275,88.62599945,14.19999981,29.08799934,33,2.82758617,8.91304302
Wed Feb 19 07:11:54 GMT+01:00 2020,19-feb-2020 07:11:49.603,13.92921785,42.04839739,10.12,21.237999,467.0,273.8,-0.52081299,9.47776794,4.91633606,0.02269447,-,0,32.54901886,-,50.87593842,14.04583073,1.96552491,7.11940241,3.8458817,26.0012989,0,0.31100473,-,-,-,-,0.45406687,51.98809814,78.08036041,0.36000061,0.20426625,3738.1237793000005,0,3012,60,10.196078300000002,0.0,-,50.55088425,3.03305316,881.0,21.23799896,467,42.04839706,13.92921829,273.79998779,24,81.96078491,-,-,-,1.00045776,-,-,-,-,-,-,-,-,-,-,-,-,-,87.32630920000001,0,12.67368984,-,-,78.03921509,-,-,13.63354778,3604.18774414,-,-0.43511295,-,-,14.50663757,-,78.77120972,7.26743889,0.08338205,0.88576257,0.34334791,-0.00563563,277,90.32599640000001,14.10000038,36.43199921,36,3.05479455,9.48936176
Wed Feb 19 07:11:55 GMT+01:00 2020,19-feb-2020 07:11:51.295,13.92905985,42.0483706,10.88,21.237999,469.0,270.3,-0.01591492,8.602005,5.57795715,0.02833669,-,0,34.90196228,-,54.76546097,14.04584217,1.82593036,7.11939669,3.92818332,25.45653152,0,0.31244770000000005,-,-,-,-,0.45617363,48.29582596,76.09472656,1.43199921,0.22084278,3738.14038086,0,3012,60,9.4117651,-1.5625,-,51.22983932,3.07379031,890.5,21.23799896,469,42.04837036,13.92905998,270.29998779,24,81.96078491,-,-,-,1.00045776,-,-,-,-,-,-,-,-,-,-,-,-,-,86.78701019,0,13.21298695,-,-,78.03921509,-,-,13.63354778,3604.18774414,-,-0.43511295,-,-,14.50663757,-,78.77120972,7.26743889,0.00801203,0.82392949,0.48152629,0.00885669,279,92.01599884,14.19999981,39.16799927,35,3.27210879,10.02083302
Wed Feb 19 07:11:57 GMT+01:00 2020,19-feb-2020 07:11:52.993,13.9288878,42.04820716,8.17,16.687,462.0,261.8,0.42317200000000005,8.16410828,6.31375122,0.01943957,-,0,31.76470566,-,49.6415062,14.04585361,2.01440144,7.11939049,4.00932598,24.94132996,0,0.3138915,-,-,-,-,0.45828161,53.28087997,74.66886139,7.15599823,0.23524556,3738.15478516,0,3012,60,10.196078300000002,0.0,-,51.22983551,3.07379007,881.0,16.68700027,462,42.04820633,13.92888737,261.79998779,24,81.96078491,-,-,-,1.00045776,-,-,-,-,-,-,-,-,-,-,-,-,-,86.25120544,0,13.74879742,-,-,78.03921509,-,-,13.63354778,3604.18774414,-,-0.43511295,-,-,14.50663757,-,-,-,0.02557441,0.8269796999999999,0.48164916,0.01171345,280,93.71600342,14.19999981,29.41199875,26,3.42567563,10.34693909
Wed Feb 19 07:11:59 GMT+01:00 2020,19-feb-2020 07:11:54.713,13.92875465,42.04820741,4.73,15.17,460.0,261.1,0.29275513,7.6388855,5.95362854,0.05739698,-,0,33.33333206,-,40.92480087,14.04586506,2.44345522,7.11938477,4.08933353,24.45335388,0,0.31533664,-,-,-,-,0.46039149,64.62934875,74.07830048,7.05999947,0.24469000000000002,3738.1640625,0,3012,60,9.4117651,0.0,-,50.73605728,3.04416323,874.0,15.17000008,460,42.04820633,13.92875481,261.1000061,24,81.96078491,-,-,-,1.00045776,-,-,-,-,-,-,-,-,-,-,-,-,-,85.71546936,0,14.28452873,-,-,78.03921509,-,-,13.63354778,3638.99682617,-,-0.43511295,-,-,14.50663757,-,-,-,0.04947829,0.83063805,0.5438478,0.05247521,282,95.43699646,14.19999981,17.02799988,14,3.49664426,10.42000008
Wed Feb 19 07:12:01 GMT+01:00 2020,19-feb-2020 07:11:56.402,13.92878017,42.04820265,0.49,15.17,458.0,259.4,0.12286377,8.84965515,3.87426758,0.00384575,-,0,34.90196228,-,21.60220337,14.045928,4.62906075,7.11935329,4.21095085,23.74711227,0,0.31674215,-,-,-,-,0.46244356,122.43857574,76.76498413,16.02799988,0.24824834,3738.16772461,0,3012,60,9.803921699999998,-0.78125,-,49.31643295,2.95898581,883.0,15.17000008,458,42.04820251,13.92878056,259.3999939,24,81.96078491,-,-,-,1.00045776,-,-,-,-,-,-,-,-,-,-,-,-,-,85.64095306,0,14.35904789,-,-,78.03921509,-,-,13.63354778,3638.99682617,-,-0.43511295,-,-,14.50663757,-,-,-,-0.013087399999999999,0.8761281999999999,0.27663699,-0.04593030000000001,284,97.12599945,14.19999981,1.76399994,1,3.48000002,10.23529434
Wed Feb 19 07:12:02 GMT+01:00 2020,19-feb-2020 07:11:58.082,13.928765300000002,42.04820201,0.0,15.17,474.0,0.0,0.22337341,8.89033508,4.17456055,-0.01414136,-,0,36.07843018,-,1.42347383,14.0458231,70.24921417,7.11940622,4.19172668,23.85601997,0,0.31817994,-,-,-,-,0.46454269,-,76.76498413,1.76399994,0.24824834,3738.16772461,0,3012,60,9.01960754,0.0,-,51.04467392,3.06268024,894.0,15.17000008,474,42.04820251,13.9287653,0,24,81.96078491,-,-,-,1.00045776,-,-,-,-,-,-,-,-,-,-,-,-,-,85.72696686,0,14.27303028,-,-,78.03921509,-,-,13.63354778,3604.18774414,-,-0.43511295,-,-,14.50663757,-,-,-,-0.02540487,0.86661518,0.27188048,-0.05629956,285,97.57599640000001,14.19999981,0,0,3.45695353,10.23529434
Wed Feb 19 07:12:04 GMT+01:00 2020,19-feb-2020 07:11:59.782,13.92876093,42.04820741,0.26,15.17,468.0,257.6,0.65287781,8.41894531,5.75741577,0.00244872,-,0,99.21569061,-,0.0,14.04581833,-,7.11940861,4.19035959,23.86380386,0,0.31962472,-,-,-,-,0.46665209999999996,-,76.76498413,0.0,0.24824834,3738.16772461,0,3012,60,7.05882359,-13.28125,-,51.60016632,3.09601021,898.5,15.17000008,468,42.04820633,13.92876053,257.6000061,23,81.96078491,-,-,-,1.00045776,-,-,-,-,-,-,-,-,-,-,-,-,-,85.81296539,0,14.18703175,-,-,38.4313736,-,-,13.63354778,5021.20654297,-,-0.43511295,-,-,14.50663757,-,-,-,-0.00650015,0.82002687,0.43066987,-0.02288749,287,97.57599640000001,14.10000038,0.93599993,0,3.43421054,10.23529434
Wed Feb 19 07:12:06 GMT+01:00 2020,19-feb-2020 07:12:01.502,13.92877631,42.04820601,1.28,15.17,465.0,253.7,-0.02189636,9.59622192,2.30577087,0.02505225,-,0,70.58823395,-,0.0,14.04581261,-,7.11941147,4.18900204,23.87153625,0,0.32193971,-,-,-,-,0.47003195,-,76.76498413,4.06400013,0.24824834,3738.16772461,0,3012,67,1.96078432,-8.59375,-,81.22706604,4.87362385,917.0,15.17000008,465,42.04820633,13.92877674,253.69999695,24,81.96078491,-,-,-,1.00045776,-,-,-,-,-,-,-,-,-,-,-,-,-,85.89893341,0,14.10106945,-,-,69.01960754,-,-,14.35873604,4631.05517578,-,0.2900753,-,-,14.50663757,-,17.62068939,1.69211626,-0.00540202,0.91344768,0.13175005,-0.05727475,289,98.83599854,14.19999981,4.6079998,5,3.44444442,10.13461494
Wed Feb 19 07:12:08 GMT+01:00 2020,19-feb-2020 07:12:03.584,13.92877078,42.04821352,0.19,15.17,463.0,254.2,0.08699036,9.21934509,3.11096191,-0.01141462,-,0,32.94117737,-,3.40889168,14.04572487,29.33443832,7.11945629,4.18373108,23.90161133,0,0.32370529,-,-,-,-,0.47260969999999997,-,76.76498413,3.96000004,0.24824834,3738.16772461,0,3012,65,10.196078300000002,0.0,-,51.60017014,3.09601021,894.5,15.17000008,463,42.04821396,13.92877102,254.19999695,24,81.96078491,-,-,-,1.00045776,-,-,-,-,-,-,-,-,-,-,-,-,-,85.99616241,0,14.00383472,-,-,78.43137359999999,-,-,14.06866074,3604.18774414,-,0.0,-,-,14.50663757,-,17.62068939,1.69211626,0.00264579,0.8982029,0.26163486,-0.03139488,289,99.82099915,14.19999981,0.68399996,0,3.42207789,10.13461494
Wed Feb 19 07:12:09 GMT+01:00 2020,19-feb-2020 07:12:05.293,13.92877113,42.04821634,0.17,15.17,463.0,253.9,0.50572205,9.21217346,2.25431824,0.00385502,-,0,76.47058868,-,0.0,14.04571915,-,7.11945915,4.18239403,23.90925407,0,0.32599127,-,-,-,-,0.47594726,-,76.76498413,0.31600004,0.24824834,3738.16772461,0,3012,71,3.52941179,3.125,-,78.51126862,4.71067619,1084.5,15.17000008,463,42.04821777,13.92877102,253.8999939,24,81.96078491,-,-,-,1.00045776,-,-,-,-,-,-,-,-,-,-,-,-,-,86.0847168,0,13.91528034,-,-,42.74509811,-,-,13.92362309,5232.96142578,-,-0.14503765,-,-,14.50663757,-,0.66521186,0.07554879,-0.09601837,0.9229607,0.09125904,-0.05222923,293,101.07199859999999,14.19999981,0.61199999,1,3.4064517,9.96226406
Wed Feb 19 07:12:11 GMT+01:00 2020,19-feb-2020 07:12:07.022,13.92876077,42.04821185,0.66,16.687,461.0,254.8,0.19226074,8.66061401,4.16021729,-0.00139534,-,0,18.8235302,-,0.39455891,14.04560661,253.44232178,7.1195159,4.15714169,24.05448914,0,0.32833925,-,-,-,-,0.47937529999999995,-,76.76498413,5.8760004,0.25041208,3738.16992188,0,3012,71,12.94117641,-8.59375,-,81.90602112,4.914361,1077.5,16.68700027,461,42.04821014,13.92876053,254.80000305,24,81.96078491,-,-,-,1.00045776,-,-,-,-,-,-,-,-,-,-,-,-,-,85.73284912,0,14.26715279,-,-,76.47058868,-,-,14.79384899,3496.85986328,-,0.72518826,-,-,14.50663757,-,33.18348312,3.74435711,0.02667255,0.87039644,0.34200713,-0.02310521,294,102.80200195,14.19999981,2.37599993,8,3.43589735,9.92592621
Wed Feb 19 07:12:13 GMT+01:00 2020,19-feb-2020 07:12:08.732,13.92874384,42.04821273,0.53,15.17,457.0,254.7,-0.12480164,8.95375061,3.63139343,-0.01514033,-,0,34.50980377,-,21.89874077,14.04567146,4.56637764,7.11948299,4.27463579,23.39331818,0,0.32973149,-,-,-,-,0.481408,-,76.76498413,1.74399972,0.25278568,3738.17211914,0,3012,65,9.4117651,1.5625,-,48.82264709,2.92935896,833.0,15.17000008,457,42.04821396,13.92874432,254.69999695,24,81.96078491,-,-,-,1.00045776,-,-,-,-,-,-,-,-,-,-,-,-,-,85.65863037,0,14.34136581,-,-,77.64705658,-,-,13.77858543,3604.18774414,-,-0.2900753,-,-,14.50663757,-,33.18348312,3.74435711,0.02350102,0.88332361,0.28992972,-0.03382425,296,104.51200104,14.19999981,1.90799987,2,3.42675161,9.78181839
Wed Feb 19 07:12:15 GMT+01:00 2020,19-feb-2020 07:12:10.452,13.92875365,42.04821783,0.0,15.17,454.0,0.0,0.25209045,8.61036682,3.90298462,-0.01200715,-,0,34.11764908,-,2.78518343,14.045577999999999,35.90353394,7.1195302,4.26483679,23.44706726,0,0.33124432,-,-,-,-,0.48361671,-,76.76498413,1.90799987,0.25278568,3738.17211914,0,3012,65,9.01960754,-1.5625,-,52.77290344,3.16637421,882.0,15.17000008,454,42.04821777,13.92875385,0,23,81.96078491,-,-,-,1.00045776,-,-,-,-,-,-,-,-,-,-,-,-,-,85.74287415,0,14.2571249,-,-,78.43137359999999,-,-,13.63354778,3604.18774414,-,-0.43511295,-,-,14.50663757,-,-,-,0.02569729,0.8777132,0.29785776,-0.03565218,298,104.98100281,14.19999981,0,0,3.40506339,9.78181839
Wed Feb 19 07:12:16 GMT+01:00 2020,19-feb-2020 07:12:12.132,13.92876282,42.04822462,0.0,15.17,452.0,0.0,0.16474915,8.85803223,3.80606079,0.00192642,-,0,34.11764908,-,0.0,14.04557228,-,7.11953306,4.26350927,23.45436859,0,0.33262616,-,-,-,-,0.48563421,-,76.76498413,0.0,0.25278568,3738.17211914,0,3012,63,9.4117651,1.5625,-,48.51403809,2.91084218,887.0,15.17000008,452,42.0482254,13.92876244,0,23,81.96078491,-,-,-,1.00045776,-,-,-,-,-,-,-,-,-,-,-,-,-,85.82421112,0,14.17579269,-,-,78.03921509,-,-,13.63354778,3673.8059081999995,-,-0.43511295,-,-,14.50663757,-,-,-,-0.01784236,0.88430047,0.26370823,-0.04333166,299,104.98100281,14.19999981,0,0,3.38364768,9.78181839
Wed Feb 19 07:12:18 GMT+01:00 2020,19-feb-2020 07:12:13.822,13.92876601,42.04822867,0.0,15.17,451.0,0.0,0.24729919,8.72642517,3.90896606,-0.01263375,-,0,33.33333206,-,0.0,14.04556751,-,7.11953592,4.2621913000000005,23.46162224,0,0.33399838,-,-,-,-,0.48763764,-,76.76498413,0.0,0.25278568,3738.17211914,0,3012,62,9.803921699999998,-1.5625,-,49.00781631,2.94046903,871.5,15.17000008,451,42.04822922,13.92876625,0,23,81.96078491,-,-,-,1.00045776,-,-,-,-,-,-,-,-,-,-,-,-,-,85.90509033,0,14.09490681,-,-,78.03921509,-,-,13.63354778,3604.18774414,-,-0.43511295,-,-,14.50663757,-,-,-,-0.01442819,0.88820148,0.26431796,-0.03954823,301,104.98100281,14.19999981,0,0,3.36249995,9.78181839
Wed Feb 19 07:12:20 GMT+01:00 2020,19-feb-2020 07:12:15.512,13.92875941,42.04823106,0.0,15.17,451.0,0.0,-0.12718201,8.76231384,3.63258362,-0.01345778,-,0,34.50980377,-,0.0,14.04556179,-,7.11953878,4.2608819,23.46883202,0,0.33547091,-,-,-,-,0.48978755,-,76.76498413,0.0,0.25278568,3738.17211914,0,3012,62,9.01960754,-3.90625,-,52.27912521,3.1367476,884.5,15.17000008,451,42.04822922,13.92875957,0,23,81.96078491,-,-,-,1.00045776,-,-,-,-,-,-,-,-,-,-,-,-,-,85.98506165,0,14.01493931,-,-,78.03921509,-,-,13.63354778,3604.18774414,-,-0.43511295,-,-,14.50663757,-,-,-,0.02240289,0.89247113,0.31054074,-0.01704013,303,104.98100281,14.19999981,0,0,3.34161496,9.78181839
Wed Feb 19 07:12:21 GMT+01:00 2020,19-feb-2020 07:12:17.202,13.92875629,42.04823528,0.0,15.17,451.0,0.0,0.17431641,8.85803223,3.95083618,-0.01277925,-,0,32.15686417,-,0.0,14.04555607,-,7.11954165,4.25958109,23.47599792,0,0.33691388,-,-,-,-,0.49189427,-,76.76498413,0.0,0.25278568,3738.17211914,0,3012,61,10.196078300000002,0.78125,-,51.22983932,3.07379031,884.5,15.17000008,451,42.04823685,13.92875671,0,23,81.96078491,-,-,-,1.00045776,-,-,-,-,-,-,-,-,-,-,-,-,-,86.06412506,0,13.93587399,-,-,78.03921509,-,-,13.63354778,3673.8059081999995,-,-0.43511295,-,-,14.50663757,-,-,-,0.02911147,0.88759172,0.30078351,-0.02534993,305,104.98100281,14.19999981,0,0,3.3209877,9.78181839
Wed Feb 19 07:12:22 GMT+01:00 2020,19-feb-2020 07:12:18.353,13.92875541,42.04823699,0.0,15.17,451.0,0.0,-0.06257629,8.59004211,3.67207336,-0.01572802,-,0,34.90196228,-,0.0,14.04555035,-,7.11954451,4.25828934,23.48312187,0,0.33836123,-,-,-,-,0.49400738,-,76.76498413,0.0,0.25278568,3738.17211914,0,3012,61,9.4117651,-3.90625,-,51.41500473,3.08490014,876.0,15.17000008,451,42.04823685,13.92875576,0,23,81.96078491,-,-,-,1.00045776,-,-,-,-,-,-,-,-,-,-,-,-,-,86.11095428,0,13.88904572,-,-,78.03921509,-,-,13.63354778,3638.99682617,-,-0.43511295,-,-,14.50663757,-,-,-,-0.0085751,0.88417757,0.26139221,-0.0444523,305,104.98100281,14.19999981,0,0,3.3006134,9.78181839
