GPS Time,Device Time,Longitude,Latitude,GPS Speed (Meters/second),Horizontal Dilution of Precision,Altitude,Bearing,G(x),G(y),G(z),G(calibrated),Timing Advance(°),Fuel Remaining (Calculated from vehicle profile)(%),Engine Load(%),Engine Load(Absolute)(%),Kilometers Per Litre(Instant)(kpl),Kilometers Per Litre(Long Term Average)(kpl),Litres Per 100 Kilometer(Instant)(l/100km),Litres Per 100 Kilometer(Long Term Average)(l/100km),Trip average KPL(kpl),Trip average Litres/100 KM(l/100km),Distance to empty (Estimated)(km),Fuel used (trip)(l),Turbo Pressure Control(psi),Actual engine % torque(%),Drivers demand engine % torque(%),Engine reference torque(Nm),Fuel cost (trip)(cost),CO₂ in g/km (Instantaneous)(g/km),CO₂ in g/km (Average)(g/km),GPS vs OBD Speed difference(km/h),Trip Distance(km),Trip distance (stored in vehicle profile)(km),Distance travelled with MIL/CEL lit(km),Distance travelled since codes cleared(km),Volumetric Efficiency (Calculated)(%),EGR Commanded(%),EGR Error(%),Fuel Rate (direct from ECU)(L/m),Fuel flow rate/minute(cc/min),Fuel flow rate/hour(l/hr),Engine RPM(rpm),GPS Accuracy(m),GPS Altitude(m),GPS Latitude(°),GPS Longitude(°),GPS Bearing(°),GPS Satellites,Fuel Level (From Engine ECU)(%),NOx Post SCR(ppm),NOx Pre SCR(ppm),O2 Sensor1 Equivalence Ratio,O2 Sensor1 Equivalence Ratio(alternate),O2 Sensor2 Equivalence Ratio,O2 Sensor3 Equivalence Ratio,O2 Sensor4 Equivalence Ratio,O2 Sensor5 Equivalence Ratio,O2 Sensor6 Equivalence Ratio,O2 Sensor7 Equivalence Ratio,O2 Sensor8 Equivalence Ratio,O2 Volts Bank 1 sensor 1(V),O2 Volts Bank 1 sensor 2(V),O2 Volts Bank 1 sensor 3(V),O2 Volts Bank 1 sensor 4(V),O2 Volts Bank 2 sensor 1(V),O2 Volts Bank 2 sensor 2(V),Percentage of Idle driving(%),Percentage of Highway driving(%),Percentage of City driving(%),Throttle Position(Manifold)(%),Absolute Throttle Position B(%),Relative Throttle Position(%),Relative Accelerator Pedal Position(%),Fuel pressure(psi),Intake Manifold Pressure(psi),Fuel Rail Pressure(psi),Exhaust Pressure(psi),Turbo Boost & Vacuum Gauge,Driver
Thu Oct 03 22:57:52 GMT+02:00 2019,03-ott-2019 22:57:51.665,14.23016526,41.59344614,0.0,10.72,507.69384765625,0.0,1.73707581,7.59744263,4.82118225,-0.04683191,-,-,-,-,19.849487300000003,-,5.03786945,-,-,-,-,-,-,-,-,-,279.61312866,-,10.72000027,507.69384766,41.59344482,14.23016548,0.0,7,-,-,-,-,-,-,-,-,-,-,-,0.0,0,-,0.0,0.0,2,-,-,,,,,,,,,,,,,,,,,,,,,,,,,Angelo
Thu Oct 03 22:57:52 GMT+02:00 2019,03-ott-2019 22:57:52.068,14.23016526,41.59344614,0.0,10.72,507.69384765625,0.0,1.78735352,7.60700989,4.70625305,-0.02742583,-,-,-,-,19.849487300000003,-,5.03786945,-,-,-,-,-,-,-,3,0.00029722,279.61343384,-,10.72000027,507.69384766,41.59344482,14.23016548,0.0,7,100,0,0,-,-,-,-,-,-,-,-,0.0,0,-,0.447,0.0,3,3,3,,,,,,,,,,,,,,,,,,,,,,,,,Angelo
Thu Oct 03 22:57:53 GMT+02:00 2019,03-ott-2019 22:57:52.499,14.23016459,41.59343718,0.0,9.648000999999999,507.5604248046875,0.0,1.71551514,7.70278931,4.62245178,-0.02117691,-,-,-,-,19.849487300000003,-,5.03786945,-,-,-,-,-,-,-,3,0.00029722,279.61343384,-,9.64800072,507.56042479999996,41.59343719,14.23016453,0.0,7,100,0,0,-,-,-,-,-,-,-,16,0.0,1,-,1.02900004,0.0,3,3,3,,,,,,,,,,,,,,,,,,,,,,,,,Angelo
Thu Oct 03 22:57:59 GMT+02:00 2019,03-ott-2019 22:57:58.766,14.23018279,41.59340833,0.0,7.504,508.49420166015625,0.0,1.33963013,5.98374939,9.01821899,-0.00971144,-,46.66666794,-,0,16.52793312,-,6.05023718,-,-,-,-,-,-,-,6,0.00177222,279.61489868,772.5,7.50400019,508.49420166,41.59340668,14.23018265,0.0,9,35.92485428,0,64.07514191,-,-,14.11764717,13.72549057,-,-,1.17647064,16,1.00699997,6,42,5.91300011,0.0,6,4.5,4.5,,,,,,,,,,,,,,,,,,,,,,,,,Angelo
Thu Oct 03 22:58:05 GMT+02:00 2019,03-ott-2019 22:58:04.825,14.23055466,41.59350104,6.51,13.936001000000001,496.201416015625,84.3,0.38433838,5.48335266,7.12678528,-0.06353521,-,100,-,0,16.52785683,-,6.05026579,-,-,-,-,-,-,-,17,0.00177222,279.61489868,1973.5,13.93600082,496.20141602,41.59350204,14.23055458,84.30000305,12,25.6948204,0,74.30517578,-,-,31.37254906,30.58823586,-,-,20.7843132,16,1.84000003,12,48,11.07699966,23.43600082,17,8.66666698,8.66666698,,,,,,,,,,,,,,,,,,,,,,,,,Angelo
Thu Oct 03 22:58:11 GMT+02:00 2019,03-ott-2019 22:58:11.056,14.23126097,41.59379322,9.76,11.792,492.247802734375,61.7,-0.36503601,4.7076416,5.68548584,-0.22763336,-,60,-,2.83768392,16.52650833,35.23927307,6.05075884,2.83768392,35.23927307,-,-,-,932.07818604,932.07818604,3.52400208,0.00177222,279.61489868,1858,11.79199982,492.24780273,41.59379196,14.23126125,61.70000076,10,17.54043007,0,82.45957184,-,-,23.52941132,22.74509811,-,-,13.72549057,15,1.84000003,18,54,17.08200073,35.13600159,32,14.5,14.5,,,,,,,,,,,,,,,,,,,,,,,,,Angelo
Thu Oct 03 22:58:14 GMT+02:00 2019,03-ott-2019 22:58:13.483,14.23164596,41.59386325,9.71,9.648000999999999,491.26800537109375,56.6,-1.49510193,5.51448059,9.04693604,0.03810959,-,99.21569061,-,12.03253365,16.52606773,8.31062889,6.05092049,7.43510866,13.44942284,-,-,-,219.815979,575.94708252,0.75600052,0.00177222,279.61489868,2166,9.64800072,491.26800537,41.59386444,14.23164558,56.59999847,9,15.07813931,0,84.92185974,-,-,26.27450943,25.49019623,-,-,16.47058868,15,1.84000003,22,58,20.17200089,34.95599747,36,18.79999924,18.79999924,,,,,,,,,,,,,,,,,,,,,,,,,Angelo
Thu Oct 03 22:58:15 GMT+02:00 2019,03-ott-2019 22:58:14.853,14.231756900000002,41.593902500000006,10.16,9.648000999999999,491.78936767578125,57.6,-1.30595398,4.32217407,8.41966248,-0.06378373,-8.74565887,75.6862793,-,4.9916954,16.52493286,20.03285789,6.05133629,6.62063742,15.10397148,-,-,-,529.86871338,560.58764648,5.04400253,0.02581778,279.63894653,2397.5,9.64800072,491.78936768,41.59390259,14.23175716,57.59999847,9,14.19467926,0,85.80532074,-,-,26.27450943,25.49019623,-,-,16.47058868,14,1.84000003,23,60,21.54199982,36.57600021,40,22.33333397,22.33333397,,,,,,,,,,,,,,,,,,,,,,,,,Angelo
Thu Oct 03 22:58:17 GMT+02:00 2019,03-ott-2019 22:58:16.825,14.23202327,41.59400224,11.28,10.72,489.7861328125,62.0,-2.37138367,3.54884338,9.70056152,-0.01628875,-8.75648594,0,-,5.66002035,16.52386284,17.66741371,6.05172729,6.38048315,15.67246819,-,-,-,467.30276489,537.26641846,5.42399979,0.04142056,279.65454102,2541,10.72000027,489.78613281,41.59400177,14.23202324,62.0,9,13.09012032,0,86.90988159,-,-,21.96078491,24.70588303,-,-,0,14,1.84000003,25,61,23.51499939,40.60799789,42,25.1428566,25.1428566,,,,,,,,,,,,,,,,,,,,,,,,,Angelo
Thu Oct 03 22:58:19 GMT+02:00 2019,03-ott-2019 22:58:19.128,14.23222889,41.59414294,11.18,10.72,490.22900390625,60.8,0.54714966,4.19049072,8.80033875,0.01415348,-8.75648594,85.09803772,-,181.2480011,16.52402687,0,6.05166817,8.73963642,11.44188499,-,-,-,0,429.81314087,3.93999863,0.07059208,279.68371582,1584.5,10.72000027,490.22900391,41.59414291,14.23222923,60.79999924,10,12.00057888,0,87.99942017,-,-,27.45098114,16.47058868,-,-,18.03921509,14,1.84000003,27,64,25.81699944,40.2480011,43,27.375,27.375,,,,,,,,,,,,,,,,,,,,,,,,,Angelo
Thu Oct 03 22:58:21 GMT+02:00 2019,03-ott-2019 22:58:20.647,14.23246442,41.59428311,11.92,10.72,501.13861083984375,62.7,0.19760132,2.28471375,11.23284912,0.18765932,-8.769557,9.4117651,-,8.39877605,16.52322769,11.90624905,6.05196047,8.68282604,11.51674747,-,-,-,314.92007446,410.66427612,3.16800308,0.09259208,279.70571899,1455.5,10.72000027,501.13861084,41.59428406,14.23246479,62.70000076,10,11.37695789,0,88.62303925,-,-,7.84313726,7.84313726,-,-,0,14,1.84000003,29,65,27.33300018,42.91199875,45,29.33333397,29.33333397,,,,,,,,,,,,,,,,,,,,,,,,,Angelo
Thu Oct 03 22:58:22 GMT+02:00 2019,03-ott-2019 22:58:22.034,14.23259145,41.59432774,11.61,10.72,500.369384765625,62.0,0.93261719,1.8321991000000002,8.64710999,0.07170269,-8.769557,24.31372643,-,181.2480011,16.52338982,0,6.05190134,10.03892994,9.96101379,-,-,-,0,351.99795532,4.91199875,0.11007972,279.72320557,818.5,10.72000027,500.36938477,41.59432602,14.23259163,62.0,10,10.85989094,0,89.1401062,-,-,7.84313726,7.84313726,-,-,0,14,1.84000003,30,67,28.72200012,41.79599762,38,30.20000076,30.20000076,,,,,,,,,,,,,,,,,,,,,,,,,Angelo
Thu Oct 03 22:58:24 GMT+02:00 2019,03-ott-2019 22:58:23.527,14.2327672,41.59439415,8.48,10.72,498.890869140625,66.2,0.58784485,2.71087646,9.56408691,0.03410918,-8.7705946,27.45098114,-,107.36410522,16.52355194,0.93139064,6.05184174,11.05602932,9.04465008,-,-,-,24.63526535,311.07763672,16.10400009,0.12313417,279.73626709,830,10.72000027,498.89086914,41.59439468,14.23276711,66.19999695,8,10.35375595,0,89.64624786,-,-,7.84313726,7.84313726,-,-,0,14,1.84000003,32,68,30.215999600000004,30.52799797,24,29.63636398,29.63636398,,,,,,,,,,,,,,,,,,,,,,,,,Angelo
Thu Oct 03 22:58:25 GMT+02:00 2019,03-ott-2019 22:58:24.898,14.23285291,41.59440377,8.11,11.792,497.72198486328125,66.4,0.56390381,2.99099731,9.0397644,0.0292413,-8.77155209,29.41176605,-,59.94934082,16.52371407,1.66804039,6.05178213,11.84712696,8.44068909,-,-,-,44.11963654,281.4156189,13.52799797,0.13090709,279.74404907,826,11.79199982,497.72198486,41.59440231,14.23285294,66.40000153,8,9.92969322,0,90.07030487,-,-,7.84313726,7.84313726,-,-,0,14,1.84000003,33,70,31.58499908,29.19599724,17,28.58333397,28.58333397,,,,,,,,,,,,,,,,,,,,,,,,,Angelo
Thu Oct 03 22:58:27 GMT+02:00 2019,03-ott-2019 22:58:26.566,14.23284743,41.59437891,1.78,10.72,497.27032470703125,65.1,0.41786194,3.14422607,9.61436462,0.02421213,-8.77252483,29.41176605,-,39.65133286,16.52387619,2.52193093,6.05172253,12.48002338,8.01263905,-,-,-,66.70502472,259.94454956,20.19599724,0.1358507,279.74899292,824.5,10.72000027,497.27032471,41.59437943,14.23284721,65.09999847,7,9.45718765,0,90.54281616,-,-,7.84313726,7.84313726,-,-,0,14,1.84000003,35,71,33.25500107,6.40799952,9,27.07692337,27.07692337,,,,,,,,,,,,,,,,,,,,,,,,,Angelo
Thu Oct 03 22:58:29 GMT+02:00 2019,03-ott-2019 22:58:29.385,14.23287044,41.59440156,0.29,10.72,498.4884643554688,67.6,0.44180298,5.02128601,7.9025115999999995,0.00594593,-8.77387905,32.15686417,-,21.67954445,16.52438354,4.61254692,6.05153704,13.31634331,7.50941277,-,-,-,-,259.94454956,2.33999991,0.1358507,279.74899292,773.5,10.72000027,498.48846436,41.59440231,14.2328701,67.59999847,7,13.79437637,0,86.20561981,-,-,7.84313726,7.84313726,-,-,0,14,3.75099993,37,74,34.162998200000004,1.04399991,0,25.1428566,27.07692337,,,,,,,,,,,,,,,,,,,,,,,,,Angelo
Thu Oct 03 22:58:31 GMT+02:00 2019,03-ott-2019 22:58:30.759,14.23283315,41.59436035,0.61,10.72,500.9552612304688,115.3,0.52799988,4.71720886,8.5489502,0.00988216,-8.77565289,32.94117737,-,0,16.52430725,-,6.05156517,13.26350021,7.53933096,-,-,-,-,259.94454956,1.98000002,0.1358507,279.74899292,779,10.72000027,500.95526123,41.59436035,14.23283291,115.30000305,7,16.80285072,0,83.19715118,-,-,7.84313726,7.84313726,-,-,0,14,5.12200022,39,75,34.162998200000004,2.1960001,0,23.46666718,27.07692337,,,,,,,,,,,,,,,,,,,,,,,,,Angelo
Thu Oct 03 22:58:32 GMT+02:00 2019,03-ott-2019 22:58:32.268,14.23282811,41.59435741,0.85,10.72,500.1949462890625,181.0,0.82008362,4.78186035,8.83146667,0.00625627,-8.77662373,31.76470566,-,0,16.52422905,-,6.05159378,13.21491623,7.56704903,-,-,-,-,259.94454956,2.1960001,0.1358507,279.74899292,775.5,10.72000027,500.19494629,41.59435654,14.23282814,181.0,7,19.88822937,0,80.11177063,-,-,8.23529434,7.84313726,-,-,0,14,6.63500023,40,77,34.162998200000004,3.05999994,0,22,27.07692337,,,,,,,,,,,,,,,,,,,,,,,,,Angelo
Thu Oct 03 22:58:34 GMT+02:00 2019,03-ott-2019 22:58:33.551,14.23280839,41.594353999999996,0.85,11.792,498.974853515625,244.3,0.73150635,4.64059448,8.64950562,0.03382405,-8.77770901,31.37254906,-,0,16.52415085,-,6.05162191,13.16996765,7.592875,-,-,-,-,259.94454956,2.87999988,0.1358507,279.74899292,779.5,11.79199982,498.97485352,41.59435272,14.23280811,244.30000305,7,22.32520485,0,77.67479706,-,-,7.84313726,7.84313726,-,-,0,14,7.91499996,42,78,34.162998200000004,3.05999994,0,20.70588303,27.07692337,,,,,,,,,,,,,,,,,,,,,,,,,Angelo
Thu Oct 03 22:58:35 GMT+02:00 2019,03-ott-2019 22:58:34.736,14.23279306,41.59435229,0.38,12.864,498.38916015625,247.5,0.48728943,4.71960449,8.29037476,0.01814843,-8.77857208,30.98039246,-,0,16.52407455,-,6.05165052,13.12815857,7.61705637,-,-,-,-,259.94454956,3.05999994,0.1358507,279.74899292,781,12.86400032,498.38916016,41.59435272,14.23279285,247.5,7,24.458004,0,75.54199982,-,-,7.84313726,7.84313726,-,-,0,14,9.10299969,43,79,34.162998200000004,1.36799991,0,19.55555534,27.07692337,,,,,,,,,,,,,,,,,,,,,,,,,Angelo
Thu Oct 03 22:58:37 GMT+02:00 2019,03-ott-2019 22:58:36.403,14.23279152,41.59434835,0.59,12.864,497.57421875,319.2,0.5088501,4.4155426,8.80273438,0.03567231,-8.77943134,31.37254906,-,0,16.52399635,-,6.05167866,13.08908653,7.63979387,-,-,-,-,259.94454956,1.36799991,0.1358507,279.74899292,783.5,12.86400032,497.57421875,41.59434891,14.232791899999999,319.20001221,7,27.25896835,0,72.74102783,-,-,7.84313726,7.84313726,-,-,0,14,10.76900005,44,81,34.162998200000004,2.12399983,0,18.52631569,27.07692337,,,,,,,,,,,,,,,,,,,,,,,,,Angelo
Thu Oct 03 22:58:39 GMT+02:00 2019,03-ott-2019 22:58:39.324,14.23278035,41.59435123,0.46,13.936001000000001,496.836669921875,310.4,0.3939209,3.23280334,9.19538879,0.01340044,-8.78077793,32.54901886,-,0,16.52392006,-,6.05170679,13.05242252,7.66125393,-,-,-,-,259.94454956,1.69199991,0.1358507,279.74899292,778,13.93600082,496.83666992,41.59435272,14.23278046,310.39999389999997,7,31.70059013,0,68.29940796,-,-,7.84313726,7.84313726,-,-,0,14,13.69099998,47,84,34.162998200000004,1.65600002,0,17.60000038,27.07692337,,,,,,,,,,,,,,,,,,,,,,,,,Angelo
Thu Oct 03 22:58:41 GMT+02:00 2019,03-ott-2019 22:58:40.698,14.23277763,41.59435346,0.59,13.936001000000001,497.2852783203125,256.5,0.4801178,2.92396545,9.40846252,0.02784026,-8.78268051,33.33333206,-,0,16.52384186,-,6.051735400000001,13.01789188,7.6815753,-,-,-,-,259.94454956,0.972,0.1358507,279.74899292,780,13.93600082,497.28527832,41.59435272,14.232777599999999,256.5,7,33.60149384,0,66.39850616,-,-,7.84313726,7.84313726,-,-,0,14,15.06099987,49,85,34.162998200000004,2.12399983,0,16.76190567,27.07692337,,,,,,,,,,,,,,,,,,,,,,,,,Angelo
Thu Oct 03 22:58:42 GMT+02:00 2019,03-ott-2019 22:58:42.053,14.232785,41.59436094,0.6,12.864,496.9295654296875,68.6,0.14971924,2.87129211,9.04933167,0.01353636,-8.78365993,30.98039246,-,0,16.52376556,-,6.05176353,12.98526573,7.70087576,-,-,-,-,259.94454956,2.12399983,0.1358507,279.74899292,782,12.86400032,496.92956543,41.59436035,14.23278522,68.59999847,7,35.38412857,0,64.61586761,-,-,7.84313726,7.84313726,-,-,0,14,16.41900063,50,87,34.162998200000004,2.16000009,0,16,27.07692337,,,,,,,,,,,,,,,,,,,,,,,,,Angelo
Thu Oct 03 22:58:44 GMT+02:00 2019,03-ott-2019 22:58:43.486,14.23279654,41.59436951,0.24,11.792,500.30078125,71.9,0.07788086,2.96226501,9.216934199999999,0.02411927,-8.78462029,30.98039246,-,0,16.52368736,-,6.05179167,12.95434856,7.71925497,-,-,-,-,259.94454956,2.26799989,0.1358507,279.74899292,775,11.79199982,500.30078125,41.59436798,14.23279667,71.90000153,8,37.16065598,0,62.83934402,-,-,7.84313726,7.84313726,-,-,0,14,17.84900093,52,88,34.162998200000004,0.86399996,0,15.30434799,27.07692337,,,,,,,,,,,,,,,,,,,,,,,,,Angelo
Thu Oct 03 22:58:45 GMT+02:00 2019,03-ott-2019 22:58:44.855,14.23279666,41.59436871,0.44,12.864,500.3966064453125,74.3,0.34124756,3.27830505,8.89610291,0.01819823,-8.78560066,32.15686417,-,0,16.52361107,-,6.05182028,12.92497349,7.73679876,-,-,-,-,259.94454956,0.86399996,0.1358507,279.74899292,775,12.86400032,500.39660645,41.59436798,14.23279667,74.30000305,8,38.77336884,0,61.22663116,-,-,8.23529434,7.84313726,-,-,0,14,19.21899986,53,90,34.162998200000004,1.58399999,0,14.66666698,27.07692337,,,,,,,,,,,,,,,,,,,,,,,,,Angelo
Thu Oct 03 22:58:46 GMT+02:00 2019,03-ott-2019 22:58:46.370,14.23279694,41.59436506,0.21,11.792,500.8338623046875,78.9,0.37237549,4.28865051,9.72929382,0.02183178,-8.78656578,30.98039246,-,0,16.52353287,-,6.05184841,12.89699745,7.75358152,-,-,-,-,259.94454956,1.58399999,0.1358507,279.74899292,785,11.79199982,500.83386229999996,41.59436417,14.23279667,78.90000153,8,40.46630096,0,59.53369904,-,-,7.84313726,7.84313726,-,-,0,14,20.73699951,54,91,34.162998200000004,0.75599998,0,14.07999992,27.07692337,,,,,,,,,,,,,,,,,,,,,,,,,Angelo
Thu Oct 03 22:58:49 GMT+02:00 2019,03-ott-2019 22:58:49.034,14.23278784,41.59436493,0.39,13.936001000000001,499.327880859375,79.7,-1.83987427,7.61419678,3.56182861,-0.03796049,-8.7876358,32.15686417,-,0,16.52345657,-,6.05187654,12.87029552,7.76966763,-,-,-,-,259.94454956,1.08000004,0.1358507,279.74899292,778.5,13.93600082,499.32788086,41.59436417,14.23278809,79.69999695,7,43.21849823,0,56.78150177,-,-,7.84313726,7.84313726,-,-,0,14,23.39800072,57,94,34.162998200000004,1.40399992,0,13.53846169,27.07692337,,,,,,,,,,,,,,,,,,,,,,,,,Angelo
Thu Oct 03 22:58:51 GMT+02:00 2019,03-ott-2019 22:58:50.813,14.23279496,41.59437326,0.49,12.864,496.8776245117188,47.3,1.76579285,7.26464844,5.19946289,0.11128791,-8.78965569,31.76470566,-,0,16.52337837,-,6.05190516,12.84475899,7.78511429,-,-,-,-,259.94454956,1.65600002,0.1358507,279.74899292,777.5,12.86400032,496.87762451,41.5943718,14.23279476,47.29999924,8,44.9226532,0,55.0773468,-,-,7.84313726,7.84313726,-,-,0,14,25.17900085,59,96,34.162998200000004,1.76399994,0,13.0370369,27.07692337,,,,,,,,,,,,,,,,,,,,,,,,,Angelo
Thu Oct 03 22:58:52 GMT+02:00 2019,03-ott-2019 22:58:52.016,14.23279846,41.59437504,0.27,12.864,498.624755859375,57.8,2.06028748,7.99487305,4.60809326,-0.02547023,-8.79076958,31.37254906,-,0,16.52330208,-,6.05193329,12.82029343,7.79997158,-,-,-,-,259.94454956,1.76399994,0.1358507,279.74899292,785,12.86400032,498.62475586,41.59437561,14.23279858,57.79999924,9,46.01701355,0,53.98298645,-,-,7.84313726,7.84313726,-,-,0,14,26.38199997,60,97,34.162998200000004,0.972,0,12.5714283,27.07692337,,,,,,,,,,,,,,,,,,,,,,,,,Angelo
Thu Oct 03 22:58:54 GMT+02:00 2019,03-ott-2019 22:58:53.532,14.23280914,41.594371100000004,0.22,12.864,500.5406494140625,72.6,1.93579102,7.94219971,4.21543884,-0.02488894,-8.79166508,32.15686417,-,0,16.52322388,-,6.05196142,12.79681301,7.81428337,-,-,-,-,259.94454956,0.93599993,0.1358507,279.74899292,773.5,12.86400032,500.54064941,41.5943718,14.23280907,72.59999847,11,47.33568573,0,52.66431427,-,-,7.84313726,7.84313726,-,-,0,14,27.89800072,62,98,34.162998200000004,0.792,0,12.13793087,27.07692337,,,,,,,,,,,,,,,,,,,,,,,,,Angelo
Thu Oct 03 22:58:55 GMT+02:00 2019,03-ott-2019 22:58:54.902,14.23282027,41.59436286,0.54,13.936001000000001,501.483154296875,136.4,2.02915955,8.0643158,4.40937805,-0.02415556,-8.79271793,32.54901886,-,0,16.52314758,-,6.05199003,12.77424335,7.82808971,-,-,-,-,259.94454956,0.792,0.1358507,279.74899292,780.5,13.93600082,501.4831543000001,41.59436417,14.23282051,136.3999939,11,48.47314453,0,51.52685547,-,-,7.84313726,7.84313726,-,-,0,14,29.26799965,63,100,34.162998200000004,1.94400001,0,11.73333359,27.07692337,,,,,,,,,,,,,,,,,,,,,,,,,Angelo
Thu Oct 03 22:58:56 GMT+02:00 2019,03-ott-2019 22:58:56.271,14.23283567,41.5943523,0.68,13.936001000000001,503.70880126953125,128.7,1.97169495,7.94219971,4.35910034,-0.02400257,-8.79368591,31.37254906,-,0,16.52306938,-,6.05201817,12.75251865,7.84142542,-,-,-,-,259.94454956,1.94400001,0.1358507,279.74899292,786,13.93600082,503.70880127,41.59435272,14.23283577,128.69999695,11,49.56172943,0,50.43827057,-,-,7.84313726,7.84313726,-,-,0,14,30.63699913,64,101,34.162998200000004,2.44799995,0,11.35483837,27.07692337,,,,,,,,,,,,,,,,,,,,,,,,,Angelo
Thu Oct 03 22:58:58 GMT+02:00 2019,03-ott-2019 22:58:57.645,14.23287026,41.59432588,1.05,15.008,506.2408447265625,137.5,2.0411377,8.19120789,4.46682739,-0.00743866,-8.79465294,32.54901886,-,0,16.52299309,-,6.0520463,12.73157787,7.85432243,-,-,-,-,259.94454956,2.91599989,0.1358507,279.74899292,773.5,15.00800037,506.24084473,41.59432602,14.2328701,137.5,11,50.60900116,0,49.39099884,-,-,8.23529434,7.84313726,-,-,0,14,32.01100159,66,102,34.162998200000004,3.77999973,0,11,27.07692337,,,,,,,,,,,,,,,,,,,,,,,,,Angelo
Thu Oct 03 22:59:01 GMT+02:00 2019,03-ott-2019 22:59:00.953,14.23290966,41.594317700000005,0.28,13.936001000000001,510.4349365234375,101.8,1.9262085,7.93742371,4.15319824,-0.04694504,-8.79562187,31.37254906,-,0,16.52291489,-,6.05207491,12.71136951,7.86680937,-,-,-,-,259.94454956,1.18799996,0.1358507,279.74899292,778.5,13.93600082,510.43493652,41.59431839,14.2329092,101.80000305,10,52.9584465,0,47.0415535,-,-,7.84313726,7.84313726,-,-,0,14,35.31600189,69,106,34.162998200000004,1.00800002,0,10.66666698,27.07692337,,,,,,,,,,,,,,,,,,,,,,,,,Angelo
Thu Oct 03 22:59:03 GMT+02:00 2019,03-ott-2019 22:59:02.390,14.23292422,41.59431845,0.0,12.864,509.850341796875,0.0,1.89030457,7.891922,4.13165283,-0.02679851,-8.79799843,30.19607925,-,0,16.52283859,-,6.05210304,12.69184303,7.87891197,-,-,-,-,259.94454956,0,0.1358507,279.74899292,779,12.86400032,509.8503418000001,41.59431839,14.23292446,0.0,10,53.91362,0,46.08638,-,-,7.84313726,7.84313726,-,-,0,14,36.75600052,70,107,34.162998200000004,0.0,0,10.35294151,27.07692337,,,,,,,,,,,,,,,,,,,,,,,,,Angelo
Thu Oct 03 22:59:04 GMT+02:00 2019,03-ott-2019 22:59:03.831,14.23293018,41.59432155,0.0,12.864,511.0997924804688,0.0,1.94535828,7.88952637,4.15559387,-0.02675842,-8.79901791,30.98039246,-,0,16.522762300000004,-,6.05213118,12.67295647,7.89065409,-,-,-,-,259.94454956,0,0.1358507,279.74899292,779.5,12.86400032,511.09979248,41.5943222,14.23293018,0.0,10,54.83139801,0,45.16860199,-,-,7.84313726,7.84313726,-,-,0,14,38.1969986,72,109,34.162998200000004,0.0,0,10.05714321,27.07692337,,,,,,,,,,,,,,,,,,,,,,,,,Angelo
Thu Oct 03 22:59:05 GMT+02:00 2019,03-ott-2019 22:59:05.269,14.23293487,41.59432353,0.0,12.864,511.6837158203125,0.0,1.96212769,8.12416077,4.29924011,-0.02386248,-8.80002975,29.80392265,-,0,16.5226841,-,6.05215931,12.65466976,7.90205669,-,-,-,-,259.94454956,0,0.1358507,279.74899292,783,12.86400032,511.68371582,41.5943222,14.23293495,0.0,11,55.71213531,0,44.28786469,-,-,7.84313726,7.84313726,-,-,0,14,39.63600159,73,110,34.162998200000004,0.0,0,9.77777767,27.07692337,,,,,,,,,,,,,,,,,,,,,,,,,Angelo
Thu Oct 03 22:59:07 GMT+02:00 2019,03-ott-2019 22:59:06.731,14.23293842,41.59433101,0.0,11.792,513.1287841796875,0.0,1.35877991,9.04592896,2.46768188,-0.01208062,-8.80104351,97.64706421,-,0,16.5226078,-,6.05218792,12.63694572,7.91313982,-,-,-,-,259.94454956,0,0.1358507,279.74899292,956.5,11.79199982,513.12878418,41.59432983,14.23293877,0.0,12,56.56957626,0,43.43042374,-,-,17.64705849,16.86274529,-,-,7.05882359,14,41.0929985,75,111,34.162998200000004,0.0,0,9.51351357,27.07692337,,,,,,,,,,,,,,,,,,,,,,,,,Angelo
Thu Oct 03 22:59:09 GMT+02:00 2019,03-ott-2019 22:59:08.461,14.23293881,41.5943268,0.0,11.792,513.9610595703125,0.0,1.40188599,7.81053162,4.25854492,-0.01826679,-8.80604172,85.09803772,-,0,16.5225296,-,6.05221605,12.61975288,7.92392063,-,-,-,-,259.94454956,8,0.1358507,279.74899292,1017.5,11.79199982,513.96105957,41.59432602,14.23293877,0.0,12,55.68775177,0,44.31224823,-,-,28.62745094,28.23529434,-,-,18.4313736,14,41.39500046,76,113,35.59500122,0.0,8,9.47368431,25.7142849,,,,,,,,,,,,,,,,,,,,,,,,,Angelo
Thu Oct 03 22:59:12 GMT+02:00 2019,03-ott-2019 22:59:11.700,14.23297254,41.59433661,4.47,11.792,514.2919311523439,72.9,1.46173096,8.84242249,3.16438293,-0.02289356,-8.81361866,97.2549057,-,2.77982759,16.52118301,35.97270584,6.05270958,12.34642124,8.09934425,-,-,-,-,259.94454956,19,0.14879195,279.76193237,1044,11.79199982,514.29193115,41.59433746,14.23297215,72.90000153,12,53.43886185,0,46.56113815,-,-,26.66666794,25.88235283,-,-,17.25490189,14,41.39500046,80,116,38.83499908,16.09199905,19,9.71794891,25.26666641,,,,,,,,,,,,,,,,,,,,,,,,,Angelo
Thu Oct 03 22:59:15 GMT+02:00 2019,03-ott-2019 22:59:14.422,14.23323517,41.5944419,7.11,11.792,512.905517578125,66.4,1.90466309,8.47610474,3.34873962,-0.01726822,-8.82778835,97.2549057,-,4.214643,16.51997566,23.72630692,6.05315161,12.12664413,8.24613285,-,-,-,627.5604248,293.36419678,8.90800095,0.15827639,279.77139282,1440.5,11.79199982,512.90551758,41.59444046,14.23323536,66.40000153,11,51.68593597,0,48.31406403,-,-,25.88235283,25.09803963,-,-,17.25490189,14,41.39500046,82,119,41.55599976,25.59600067,25,10.10000038,25.25,,,,,,,,,,,,,,,,,,,,,,,,,Angelo
Thu Oct 03 22:59:16 GMT+02:00 2019,03-ott-2019 22:59:15.859,14.23335486,41.59446149,8.11,12.864,513.4828491210939,70.1,2.65644836,8.13134766,4.603301999999999,-0.03937797,-8.84789753,28.62745094,-,3.88766932,16.51873779,25.72181892,6.05360556,11.90982914,8.39625168,-,-,-,680.34161377,325.61230469,10.40399933,0.1812107,279.79434204,2151,12.86400032,513.48284912,41.59446335,14.23335457,70.09999847,11,50.80519867,0,49.19480133,-,-,8.23529434,17.64705849,-,-,0,14,41.39500046,84,121,42.99399948,29.19599724,36,10.73170757,25.88235283,,,,,,,,,,,,,,,,,,,,,,,,,Angelo
Thu Oct 03 22:59:20 GMT+02:00 2019,03-ott-2019 22:59:19.645,14.23382361,41.59463061,10.67,11.792,510.529052734375,68.3,0.87994385,7.91346741,3.80603027,-0.0813933,-8.85078239,99.21569061,-,48.10712051,16.51889992,2.07865119,6.05354595,12.07036209,8.28458309,-,-,-,54.98028183,304.79446411,2.91600418,0.20371071,279.8168335,1359.5,11.79199982,510.52905273,41.5946312,14.23382378,68.30000305,11,48.62430954,0,51.37569046,-,-,25.49019623,22.74509811,-,-,16.07843208,14,41.39500046,88,124,46.77899933,38.41199875,36,11.33333302,26.44444466,,,,,,,,,,,,,,,,,,,,,,,,,Angelo
Thu Oct 03 22:59:21 GMT+02:00 2019,03-ott-2019 22:59:21.290,14.23396504,41.59468122,11.04,12.864,511.18505859375,68.7,2.1608429,8.63891602,4.44767761,-0.00164194,-8.8730011,70.19608307,-,5.4420166,16.51781464,18.37516022,6.05394411,11.9046526,8.39990234,-,-,-,486.02264404,317.73931885,4.58800125,0.23646279,279.84957886,1599.5,12.86400032,511.18505859,41.59468079,14.23396492,68.69999695,11,47.73324585,0,52.26675415,-,-,21.56862831,20.7843132,-,-,12.54901981,14,41.39500046,89,126,48.42499924,39.74399948,43,12.069767,27.31579018,,,,,,,,,,,,,,,,,,,,,,,,,Angelo
Thu Oct 03 22:59:24 GMT+02:00 2019,03-ott-2019 22:59:23.649,14.23436793,41.59489081,12.66,12.864,508.2110595703125,63.0,2.79051208,8.2749939,3.86349487,-0.00757527,-8.88164711,95.29412079,-,14.04744244,16.517572400000002,7.11858559,6.0540328,11.95691586,8.36318684,-,-,-,188.28646851,309.10913086,0.20799637,0.26725113,279.88037109,1684.5,12.86400032,508.21105957,41.59489059,14.23436832,63.0,12,46.51218414,0,53.48781586,-,-,21.17647171,20.3921566,-,-,10.98039246,14,41.39500046,92,128,50.78300095,45.5759964,44,12.79545498,28.14999962,,,,,,,,,,,,,,,,,,,,,,,,,Angelo
Thu Oct 03 22:59:25 GMT+02:00 2019,03-ott-2019 22:59:25.105,14.23446954,41.59496584,12.32,12.864,507.238525390625,60.1,2.41462708,7.89910889,4.58654785,-0.01791161,-8.88759995,99.60784149,-,12.1293726,16.51714134,8.24427795,6.05419016,11.96102238,8.36031532,-,-,-,218.06100464,303.41864014,0.5759964,0.28510058,279.89822388,1685,12.86400032,507.23852539,41.59496689,14.23446941,60.09999847,12,45.7908783,0,54.2091217,-,-,21.17647171,19.6078434,-,-,10.98039246,14,41.39500046,93,130,52.23500061,44.35199738,45,13.51111126,28.95238113,,,,,,,,,,,,,,,,,,,,,,,,,Angelo
Thu Oct 03 22:59:26 GMT+02:00 2019,03-ott-2019 22:59:26.348,14.23466096,41.59499133,13.21,13.936001000000001,508.978515625,65.3,2.19197083,7.45378113,5.3072052,-0.03454638,-8.89361668,76.07843018,-,12.03726006,16.51670265,8.30736542,6.05435133,11.96279526,8.3590765,-,-,-,219.72966003,298.49575806,3.55599976,0.30290058,279.91604614,1675,13.93600082,508.97851562,41.59498978,14.2346611,65.30000305,12,45.18903351,0,54.81096649,-,-,14.50980377,7.84313726,-,-,8.62745094,13,41.39500046,94,131,53.48199844,47.55599976,44,14.173913,29.63636398,,,,,,,,,,,,,,,,,,,,,,,,,Angelo
Thu Oct 03 22:59:28 GMT+02:00 2019,03-ott-2019 22:59:27.502,14.23493331,41.59504933,11.89,11.792,506.84765625,68.4,3.27175903,6.93664551,5.71182251,-0.07003094,-8.89677715,0.39215687,-,18.95571327,16.51694107,5.27534485,6.05426359,12.12172508,8.24947929,-,-,-,139.53277588,289.66445923,1.95599747,0.31710252,279.93023682,1583,11.79199982,506.84765625,41.59505081,14.2349329,68.40000153,15,44.64599991,0,55.35400009,-,-,7.84313726,7.84313726,-,-,0,13,41.39500046,96,132,54.63600159,42.80400085,42,14.76595783,30.17391396,,,,,,,,,,,,,,,,,,,,,,,,,Angelo
Thu Oct 03 22:59:29 GMT+02:00 2019,03-ott-2019 22:59:29.177,14.23504304,41.59507735,10.85,11.792,508.19635009765625,69.0,3.66918945,6.99171448,6.00151062,0.030001099999999996,-8.89677715,23.52941132,-,181.2480011,16.5171032,0,6.05420446,12.25610065,8.15903187,-,-,-,0,274.41897583,5.80400085,0.33028015,279.94342041,886,11.79199982,508.1963501,41.59507751,14.23504257,69.0,15,43.88196945,0,56.11803055,-,-,8.23529434,7.84313726,-,-,0,13,41.39500046,97,134,56.30799866,39.06000137,37,15.22916698,30.45833397,,,,,,,,,,,,,,,,,,,,,,,,,Angelo
Thu Oct 03 22:59:32 GMT+02:00 2019,03-ott-2019 22:59:32.033,14.2353519,41.59512613,8.04,12.864,509.82427978515625,93.5,4.20069885,7.32928467,3.62886047,0.01578285,-8.9000206,2.74509811,-,51.48049545,16.51726532,1.94244277,6.05414486,12.38463783,8.07435131,-,-,-,51.37757874,263.26690674,15.47599792,0.35436362,279.96749878,1518.5,12.86400032,509.82427979,41.59512711,14.23535156,93.5,15,42.6343956,0,57.3656044,-,-,16.47058868,16.07843208,-,-,5.88235283,13,41.39500046,100,137,59.16699982,28.94399834,22,15.36734676,30.12000084,,,,,,,,,,,,,,,,,,,,,,,,,Angelo
Thu Oct 03 22:59:34 GMT+02:00 2019,03-ott-2019 22:59:33.402,14.23539782,41.59502686,5.68,11.792,511.550048828125,159.1,2.96051025,7.32450867,2.63287354,-0.00495425,-8.9000206,84.70588684,-,181.2480011,16.51742744,0,6.05408573,12.5077095,7.99490261,-,-,-,0,250.73039246,2,0.36364445,279.97677612,1266,11.79199982,511.55004883,41.59502792,14.23539829,159.1000061,14,42.06343842,0,57.93656158,-,-,18.4313736,18.03921509,-,-,8.23529434,13,41.39500046,101,138,60.5320015,20.44799805,20,15.46000004,29.73077011,,,,,,,,,,,,,,,,,,,,,,,,,Angelo
Thu Oct 03 22:59:35 GMT+02:00 2019,03-ott-2019 22:59:34.603,14.23542028,41.59498787,5.77,11.792,512.609619140625,163.0,2.445755,7.95178223,4.28248596,-0.03321321,-8.90418053,88.62744904,-,7.66887617,16.5165596,13.03944874,6.05440331,12.40690041,8.05986309,-,-,-,344.89318848,255.01051331,5.55200195,0.37219277,279.98532104,1543,11.79199982,512.60961914,41.59498978,14.23542023,163.0,14,41.57196426,0,58.42803574,-,-,19.6078434,19.2156868,-,-,9.8039217,13,41.39500046,103,139,61.73699951,20.77199936,26,15.66666698,29.59259224,,,,,,,,,,,,,,,,,,,,,,,,,Angelo
Thu Oct 03 22:59:36 GMT+02:00 2019,03-ott-2019 22:59:35.972,14.23544239,41.59494662,5.58,12.864,512.010009765625,163.2,2.51757812,8.80889893,5.03425598,0.01412715,-8.90881538,77.2549057,-,8.11040592,16.51573753,12.32958221,6.05470514,12.31921673,8.11723042,-,-,-,326.11721802,258.10211182,10.22800064,0.38192236,279.99505615,1823,12.86400032,512.01000977,41.59494781,14.23544216,163.19999695,14,41.02696609,0,58.97303391,-,-,9.4117651,7.84313726,-,-,7.05882359,13,41.39500046,104,141,63.10699844,20.08799934,31,15.96153831,29.6428566,,,,,,,,,,,,,,,,,,,,,,,,,Angelo
Thu Oct 03 22:59:37 GMT+02:00 2019,03-ott-2019 22:59:37.341,14.23546105,41.59487313,6.14,13.936001000000001,511.8250732421875,164.9,2.97486877,7.23352051,4.34233093,0.01935739,-8.91260433,15.29411793,-,12.60248756,16.51535416,7.93477631,6.05484581,12.32488251,8.11349869,-,-,-,209.87467957,256.09262085,11.89600182,0.39432654,280.00744629,1444.5,13.93600082,511.82507324,41.59487152,14.23546124,164.8999939,14,40.49645233,0,59.50354767,-,-,7.84313726,7.84313726,-,-,0,13,41.39500046,105,142,64.47599792,22.10399818,34,16.30188751,29.79310417,,,,,,,,,,,,,,,,,,,,,,,,,Angelo
Thu Oct 03 22:59:38 GMT+02:00 2019,03-ott-2019 22:59:38.713,14.23553011,41.59475478,9.7,12.864,512.1973266601561,158.0,3.11134338,7.12817383,5.72857666,0.00366884,-8.91411495,0.78431374,-,89.68647003,16.51551628,1.11497223,6.05478621,12.43943119,8.03878498,-,-,-,29.49099541,247.02856445,1.08000183,0.40756822,280.02069092,1352.5,12.86400032,512.19732666,41.59475327,14.2355299,158.0,14,39.97874069,0,60.02125931,-,-,7.84313726,7.84313726,-,-,0,13,41.39500046,107,143,65.84700012,34.91999817,36,16.66666603,30,,,,,,,,,,,,,,,,,,,,,,,,,Angelo
Thu Oct 03 22:59:42 GMT+02:00 2019,03-ott-2019 22:59:41.927,14.23571109,41.59447342,6.63,11.792,514.8116455078125,156.4,1.61256409,6.30456543,6.35107422,0.00416635,-8.91411495,25.88235283,-,181.2480011,16.51567841,0,6.05472708,12.54957867,7.96822929,-,-,-,0,237.52746582,3.91999817,0.42730531,280.04043579,985.5,11.79199982,514.81164551,41.59447479,14.2357111,156.3999939,11,38.81545639,0,61.18454361,-,-,7.84313726,7.84313726,-,-,0,13,41.39500046,110,147,69.06099701,23.86800003,31,16.9272728,30.03225899,,,,,,,,,,,,,,,,,,,,,,,,,Angelo
Thu Oct 03 22:59:44 GMT+02:00 2019,03-ott-2019 22:59:43.442,14.23577933,41.59434832,6.15,11.792,516.1016845703125,131.5,0.96134949,7.63813782,6.4899292,0.04540032,-8.91719437,9.4117651,-,59.4485054,16.51583862,1.68209302,6.05466795,12.65557194,7.90149355,-,-,-,44.49133301,230.37797546,6.43600082,0.44469199,280.05783081,1105.5,11.79199982,516.10168457,41.59434891,14.23577976,131.5,12,38.29027176,0,61.70972824,-,-,9.4117651,16.86274529,-,-,0,13,41.39500046,111,148,70.57599640000001,22.13999939,17,16.9285717,29.625,,,,,,,,,,,,,,,,,,,,,,,,,Angelo
Thu Oct 03 22:59:45 GMT+02:00 2019,03-ott-2019 22:59:44.816,14.23582436,41.59434508,4.7,11.792,516.1320190429689,103.4,0.88713074,8.23669434,3.83476257,-0.02715939,-8.91892052,72.54901886,-,67.21677399,16.51600075,1.48769295,6.05460835,12.7576437,7.83827496,-,-,-,39.34945297,223.55554199,6.13999939,0.45097116,280.06408691,998,11.79199982,516.13201904,41.59434509,14.23582458,103.40000153,11,37.82710648,0,62.17289352,-,-,27.05882454,26.27450943,-,-,17.25490189,13,41.39500046,113,150,71.94699859999999,16.91999817,16,16.91228104,29.21212196,,,,,,,,,,,,,,,,,,,,,,,,,Angelo
Thu Oct 03 22:59:46 GMT+02:00 2019,03-ott-2019 22:59:46.182,14.235865700000002,41.5943411,3.52,11.792,516.1047973632811,75.2,1.48806763,8.45695496,3.09495544,-0.03118894,-8.92292404,99.60784149,-,6.06357193,16.51497841,16.49158669,6.05498362,12.63593292,7.91377401,-,-,-,436.20214844,230.88818359,4.08000183,0.45800629,280.07113647,1257.5,11.79199982,516.10479736,41.59434128,14.23586559,75.19999695,13,37.37566757,0,62.62433243,-,-,29.01960754,28.23529434,-,-,20,13,41.39500046,114,151,73.31600189,12.67199993,21,16.98275948,28.97058868,,,,,,,,,,,,,,,,,,,,,,,,,Angelo
Thu Oct 03 22:59:48 GMT+02:00 2019,03-ott-2019 22:59:47.551,14.23597962,41.59436212,5.0,12.864,516.2901611328125,68.6,1.97648621,8.76101685,3.81561279,0.01854657,-8.93241787,85.88235474,-,3.39163089,16.51369286,29.48372841,6.05545425,12.47085667,8.01852894,-,-,-,779.84405518,249.18670654,18.05599976,0.46751323,280.08065796,1657,12.86400032,516.29016113,41.59436035,14.23598003,68.59999847,11,36.93487167,0,63.06512833,-,-,27.45098114,25.88235283,-,-,18.03921509,13,41.39500046,116,152,74.68499756,18.0,29,17.18644142,28.97142792,,,,,,,,,,,,,,,,,,,,,,,,,Angelo
Thu Oct 03 22:59:50 GMT+02:00 2019,03-ott-2019 22:59:49.671,14.23622783,41.59443078,9.34,11.792,516.7752685546875,67.2,2.14648438,8.36598206,4.25135803,0.00030297,-8.94367027,62.35294342,-,4.15953398,16.5124855,24.04065323,6.05589771,12.32504368,8.11339283,-,-,-,635.87487793,261.66052246,20,0.48026183,280.09338379,2203,11.79199982,516.77526855,41.59442902,14.23622799,67.19999695,10,36.27241898,0,63.72758102,-,-,7.84313726,7.84313726,-,-,0,13,41.39500046,118,154,76.80500031,33.62400055,38,17.53333282,29.22222137,,,,,,,,,,,,,,,,,,,,,,,,,Angelo
Thu Oct 03 22:59:52 GMT+02:00 2019,03-ott-2019 22:59:52.344,14.23649217,41.59452918,10.85,12.864,516.2705078125,64.8,2.17520142,8.2127533,4.86906433,0.03457789,-8.95086479,87.05882263,-,14.08472824,16.51224709,7.09974098,6.05598497,12.35538292,8.09346962,-,-,-,187.78800964,259.35198975,4.76800156,0.51553059,280.12866211,1531.5,12.86400032,516.27050781,41.5945282,14.23649216,64.80000305,8,35.47028732,0,64.52971649,-,-,21.56862831,20.3921566,-,-,11.76470566,13,41.39500046,120,157,79.47799683,39.06000137,43,17.95081902,29.59459496,,,,,,,,,,,,,,,,,,,,,,,,,Angelo
Thu Oct 03 22:59:54 GMT+02:00 2019,03-ott-2019 22:59:53.712,14.236748,41.59462121,12.33,12.864,516.2564697265625,64.4,2.61094666,10.0921936,3.3056487999999997,0.13378376,-8.96105099,43.92156982,-,11.88303089,16.51179504,8.41518688,6.05615091,12.34737682,8.09871769,-,-,-,222.58152771,258.23773193,5.2840004,0.53601295,280.14913939999997,1750.5,12.86400032,516.25646973,41.59461975,14.23674774,64.40000153,8,35.07391357,0,64.92608643,-,-,18.03921509,17.25490189,-,-,7.45098066,13,41.39500046,122,158,80.84400177,44.38799667,46,18.40322495,30.02631569,,,,,,,,,,,,,,,,,,,,,,,,,Angelo
Thu Oct 03 22:59:55 GMT+02:00 2019,03-ott-2019 22:59:55.031,14.23691252,41.59465143,12.46,11.792,515.6083984375,65.2,3.17118835,8.04037476,4.99356079,-0.00142394,-8.96327496,49.41176605,-,35.42582321,16.51195526,2.82274079,6.05609179,12.44430351,8.03563786,-,-,-,74.66144562,252.83843994,1.61200333,0.55346739,280.16659546,1728,11.79199982,515.60839844,41.59465027,14.23691273,65.19999695,9,34.6997757,0,65.3002243,-,-,16.86274529,14.90196133,-,-,6.66666698,13,41.39500046,123,160,82.16200256,44.85599899,46,18.84127045,30.43589783,,,,,,,,,,,,,,,,,,,,,,,,,Angelo
Thu Oct 03 22:59:56 GMT+02:00 2019,03-ott-2019 22:59:56.116,14.23704198,41.59471677,12.61,11.792,516.16357421875,64.9,2.64207458,7.13536072,4.38783264,-0.06558398,-8.96546745,30.19607925,-,31.76552963,16.51344872,3.14800096,6.05554438,12.76104546,7.83618593,-,-,-,83.26457214,247.99346924,0.39599609,0.56931657,280.18243408,1711.5,11.79199982,516.16357422,41.59471512,14.23704243,64.90000153,11,34.39688873,0,65.60311127,-,-,15.68627453,15.29411793,-,-,4.70588255,13,41.39500046,124,161,83.25,45.39599609,45,19.25,30.79999924,,,,,,,,,,,,,,,,,,,,,,,,,Angelo
Thu Oct 03 22:59:58 GMT+02:00 2019,03-ott-2019 22:59:57.443,14.23733686,41.59484474,12.29,10.72,519.0687255859375,65.7,2.42181396,7.70758057,4.10531616,-0.05721641,-8.96690845,41.5686264,-,55.27409363,16.51360893,1.80912817,6.05548525,12.84820271,7.78302813,-,-,-,47.8514061,242.43397522,0.56800079,0.58303738,280.19616699,1682,10.72000027,519.06872559,41.59484482,14.23733711,65.69999695,10,34.03427887,0,65.96572113,-,-,16.47058868,16.07843208,-,-,6.27450991,13,41.39500046,125,162,84.57800293,44.24399948,44,19.63076973,31.12195206,,,,,,,,,,,,,,,,,,,,,,,,,Angelo
Thu Oct 03 22:59:59 GMT+02:00 2019,03-ott-2019 22:59:59.105,14.23746307,41.59489208,12.28,10.72,519.5198974609375,65.2,2.50561523,7.35083008,4.27050781,-0.02708165,-8.9689579,41.5686264,-,38.40992355,16.51377106,2.60343981,6.05542612,12.93259525,7.73223925,-,-,-,68.8609314,237.74281311,0.24399948,0.60157847,280.21472168,1659,10.72000027,519.51989746,41.59489059,14.237463,65.19999695,10,33.591362,0,66.408638,-,-,17.25490189,16.86274529,-,-,7.05882359,13,41.39500046,127,164,86.23899841,44.20799637,44,20,31.4285717,,,,,,,,,,,,,,,,,,,,,,,,,Angelo
Thu Oct 03 23:00:02 GMT+02:00 2019,03-ott-2019 23:00:02.213,14.2378427,41.59496437,11.85,10.72,515.8899536132811,69.3,2.19436646,7.80334473,4.67512512,-0.02711868,-8.97139645,52.54901886,-,38.20705414,16.51393318,2.61726308,6.05536699,13.01435375,7.68366385,-,-,-,69.2265625,233.3081665,1.60400009,0.62010223,280.23324585,1642,10.72000027,515.88995361,41.59496307,14.23784256,69.30000305,11,32.79307938,0,67.20691681,-,-,18.4313736,17.25490189,-,-,8.23529434,13,41.39500046,130,167,89.34600067,42.65999985,43,20.3432827,31.6976738,,,,,,,,,,,,,,,,,,,,,,,,,Angelo
Thu Oct 03 23:00:04 GMT+02:00 2019,03-ott-2019 23:00:03.691,14.23814062,41.59510845,12.71,10.72,514.426025390625,68.1,2.41702271,8.01164246,5.08453369,0.01715279,-8.97715473,55.29411697,-,27.61425591,16.51501846,3.62124252,6.05496883,13.2389679,7.55330181,-,-,-,95.78179932,229.78186035,2.43999863,0.65870845,280.27185059,1650,10.72000027,514.42602539,41.59510803,14.23814106,68.09999847,13,32.42650604,0,67.57349396,-,-,17.64705849,17.25490189,-,-,7.45098066,13,41.39500046,132,168,90.8239975,45.75600052,44,20.69117737,31.97727203,,,,,,,,,,,,,,,,,,,,,,,,,Angelo
Thu Oct 03 23:00:05 GMT+02:00 2019,03-ott-2019 23:00:05.234,14.23827598,41.59514029,12.35,11.792,513.6340942382811,68.3,2.66601562,8.00445557,4.73258972,-0.01488723,-8.97955513,60,-,28.379879,16.51617813,3.52355003,6.05454397,13.46837521,7.4246459,-,-,-,93.1978302,226.36724854,2.75600052,0.67702681,280.29016113,1639,11.79199982,513.63409424,41.59513855,14.23827553,68.30000305,14,32.05340958,0,67.94658661,-,-,17.64705849,16.86274529,-,-,7.45098066,13,41.39500046,133,170,92.36299896,44.45999908,43,21.01449203,32.22222137,,,,,,,,,,,,,,,,,,,,,,,,,Angelo
Thu Oct 03 23:00:07 GMT+02:00 2019,03-ott-2019 23:00:06.722,14.238563599999999,41.59522667,12.57,10.72,512.8499145507811,66.6,1.82086182,8.4473877,5.27128601,0.01884062,-8.98265553,49.80392075,-,25.54336357,16.51705933,3.91482973,6.0542202000000005,13.64859962,7.32660675,-,-,-,103.54718018,223.37164307,0.81200027,0.69512266,280.30825806,1636.5,10.72000027,512.84991455,41.59522629,14.23856354,66.59999847,14,31.69958115,0,68.30042267,-,-,17.25490189,16.86274529,-,-,7.05882359,13,41.39500046,135,171,93.85600281,45.2519989,43,21.32857132,32.45652008,,,,,,,,,,,,,,,,,,,,,,,,,Angelo
Thu Oct 03 23:00:08 GMT+02:00 2019,03-ott-2019 23:00:08.091,14.238667900000001,41.59524395,11.63,11.792,512.52294921875,65.7,2.25660706,8.10021973,5.18748474,-0.00572686,-8.98484802,61.17647171,-,31.59104156,16.51853371,3.16538858,6.05368042,13.91245842,7.18765259,-,-,-,83.72446442,220.04670715,2.2519989,0.71148658,280.32461548,1636,11.79199982,512.52294922,41.59524536,14.23866749,65.69999695,14,31.38193512,0,68.61806488,-,-,18.4313736,18.03921509,-,-,8.23529434,13,41.39500046,136,173,95.22499847,41.86800003,43,21.63380241,32.68085098,,,,,,,,,,,,,,,,,,,,,,,,,Angelo
Thu Oct 03 23:00:10 GMT+02:00 2019,03-ott-2019 23:00:09.608,14.2389367,41.59531971,12.19,10.72,513.6525268554689,63.4,2.33561707,8.2702179,4.88581848,-0.01167269,-8.98753452,70.19608307,-,24.20136833,16.5192852,4.13191175,6.05340528,14.06157303,7.1114316,-,-,-,109.28898621,217.47094727,0.34000015,0.72959435,280.3427124,1646,10.72000027,513.65252686,41.59531784,14.23893642,63.40000153,14,31.03730392,0,68.96269989,-,-,18.03921509,17.64705849,-,-,8.23529434,13,41.39500046,138,174,96.74199677,43.88399887,43,21.93055534,32.89583206,,,,,,,,,,,,,,,,,,,,,,,,,Angelo
Thu Oct 03 23:00:13 GMT+02:00 2019,03-ott-2019 23:00:12.849,14.2393351,41.59540139,12.1,10.72,514.5877685546875,65.5,2.85995483,8.04275513,4.77807617,0.01618606,-8.99172115,60,-,20.56151772,16.51968002,4.86335278,6.05326033,14.15442944,7.06477928,-,-,-,128.63560486,215.45196533,0.06399918,0.75708395,280.37020874,1657.5,10.72000027,514.58776855,41.59540176,14.23933506,65.5,14,30.32772446,0,69.67227936,-,-,17.25490189,16.07843208,-,-,7.84313726,13,41.39500046,141,178,99.97399902,43.56000137,44,22.23287582,33.12244797,,,,,,,,,,,,,,,,,,,,,,,,,Angelo
Thu Oct 03 23:00:14 GMT+02:00 2019,03-ott-2019 23:00:14.351,14.23947056,41.59545285,12.14,10.72,514.4840698242189,65.5,3.00120544,7.76742554,4.75653076,0.00857733,-8.99719524,44.70588303,-,26.39250565,16.52064323,3.78887558,6.05290699,14.32679749,6.9797821,-,-,-,100.21569061,212.89115906,0.70399857,0.78690565,280.40002441,1651,10.72000027,514.48406982,41.59545135,14.23947048,65.5,15,30.00678825,0,69.99320984,-,-,18.03921509,17.64705849,-,-,6.66666698,13,41.39500046,142,179,101.48600006,43.70399857,43,22.51351357,33.31999969,,,,,,,,,,,,,,,,,,,,,,,,,Angelo
Thu Oct 03 23:00:16 GMT+02:00 2019,03-ott-2019 23:00:15.716,14.23969278,41.59554883,11.14,10.72,513.5917358398439,64.5,2.5032196,7.93980408,4.20347595,-0.02049083,-8.99951649,73.33333588,-,34.01072693,16.52235222,2.94018769,6.0522809,14.60018539,6.84908581,-,-,-,77.76791382,209.95368958,2.7519989,0.80324566,280.41638184,1639,10.72000027,513.59173584,41.59555054,14.23969269,64.5,15,29.72304153,0,70.27696228,-,-,18.8235302,18.4313736,-,-,8.62745094,13,41.39500046,144,180,102.84999847,40.10400009,43,22.78666687,33.50980377,,,,,,,,,,,,,,,,,,,,,,,,,Angelo
Thu Oct 03 23:00:17 GMT+02:00 2019,03-ott-2019 23:00:17.014,14.23982413,41.59560555,11.86,10.72,513.7733764648439,64.2,2.63728333,7.4801178,4.17234802,-0.00063349,-9.00293827,76.86274719,-,19.04405022,16.52260017,5.25087452,6.05219078,14.66105938,6.82064724,-,-,-,138.88552856,208.44160461,3.89599991,0.8197273,280.43286133,1655,10.72000027,513.77337646,41.59560394,14.239824300000002,64.19999695,14,29.45816422,0,70.5418396,-,-,18.8235302,18.4313736,-,-,8.62745094,13,41.39500046,145,182,104.14700317,42.69599915,44,23.06579018,33.71154022,,,,,,,,,,,,,,,,,,,,,,,,,Angelo
Thu Oct 03 23:00:18 GMT+02:00 2019,03-ott-2019 23:00:18.122,14.23995701,41.59563488,12.13,10.72,514.9046630859375,65.2,2.63967896,7.78179932,4.68470764,-0.05698546,-9.00634766,75.29412079,-,18.34459686,16.52277756,5.45108271,6.05212545,14.71083736,6.79756832,-,-,-,144.18104553,207.10284424,0.33200073,0.83465064,280.44778442,1682.5,10.72000027,514.90466309,41.59563446,14.23995686,65.19999695,14,29.2355957,0,70.7644043,-,-,18.8235302,18.4313736,-,-,8.62745094,13,41.39500046,146,183,105.25499725,43.66799927,44,23.33766174,33.90565872,,,,,,,,,,,,,,,,,,,,,,,,,Angelo
Thu Oct 03 23:00:20 GMT+02:00 2019,03-ott-2019 23:00:19.434,14.24023275,41.59572006,12.12,10.72,516.66748046875,66.2,2.15365601,7.25027466,5.12045288,-0.04994392,-9.00933838,60,-,18.6617775,16.52298546,5.35843468,6.05204868,14.76351643,6.77331305,-,-,-,141.73049927,205.76872253,0.82799911,0.84923673,280.46237183,1700,10.72000027,516.66748047,41.59571838,14.24023247,66.19999695,14,28.97596741,0,71.02403259,-,-,18.4313736,17.64705849,-,-,8.23529434,13,41.39500046,147,184,106.56900024,43.63199997,45,23.61538506,34.11111069,,,,,,,,,,,,,,,,,,,,,,,,,Angelo
Thu Oct 03 23:00:23 GMT+02:00 2019,03-ott-2019 23:00:22.571,14.24062427,41.59583881,11.97,11.792,518.2005615234375,65.7,2.54151917,7.72912598,4.71583557,-0.01048374,-9.01199245,14.11764717,-,25.12003708,16.5238266,3.98080301,6.0517416,14.89978695,6.7113657,-,-,-,105.29216766,203.75918579,0.68399811,0.87346172,280.48660278,1702.5,11.79199982,518.20056152,41.59584045,14.24062443,65.69999695,12,28.37496185,0,71.62503815,-,-,13.33333397,12.94117641,-,-,2.35294127,13,41.39500046,151,187,109.70300293,43.09199905,45,23.88607597,34.30908966,,,,,,,,,,,,,,,,,,,,,,,,,Angelo
Thu Oct 03 23:00:24 GMT+02:00 2019,03-ott-2019 23:00:23.947,14.24074372,41.5958806,11.32,10.72,519.8580322265625,65.2,2.26139832,7.97093201,5.07736206,0.01636965,-9.01566029,21.56862831,-,119.71969604,16.52398682,0.83526713,6.05168247,14.94233799,6.69225407,-,-,-,22.09280014,200.19709778,2.09199905,0.90356171,280.51669312,1584,10.72000027,519.85803223,41.59588242,14.24074364,65.19999695,13,28.11852264,0,71.88147736,-,-,13.72549057,13.33333397,-,-,3.13725495,13,41.39500046,152,189,111.08100128,40.7519989,41,24.10000038,34.42856979,,,,,,,,,,,,,,,,,,,,,,,,,Angelo
Thu Oct 03 23:00:25 GMT+02:00 2019,03-ott-2019 23:00:25.348,14.24087486,41.59594365,11.16,10.72,519.758544921875,64.4,2.57983398,7.73869324,4.81399536,-0.02987793,-9.01723671,23.52941132,-,76.54781342,16.52414894,1.30634582,6.05162334,14.98379993,6.67373562,-,-,-,34.55282593,197.0116272,0.17599869,0.91914296,280.5322876,1532,10.72000027,519.75854492,41.59594345,14.24087524,64.40000153,13,27.8625145,0,72.13748932,-,-,13.72549057,13.33333397,-,-,3.13725495,13,41.39500046,153,190,112.48200226,40.17599869,40,24.29629707,34.5263176,,,,,,,,,,,,,,,,,,,,,,,,,Angelo
Thu Oct 03 23:00:27 GMT+02:00 2019,03-ott-2019 23:00:26.717,14.24112191,41.59603198,10.73,10.72,519.0479736328125,64.6,2.71150208,7.84164429,5.2497406,0.01986879,-9.01875973,24.70588303,-,73.19280243,16.52430916,1.3662262,6.05156422,15.02421474,6.65578365,-,-,-,36.13665771,193.97625732,0.15600204,0.9343285,280.54745483,1474.5,10.72000027,519.04797363,41.59603119,14.24112225,64.59999847,12,27.61681366,0,72.38318634,-,-,7.84313726,7.84313726,-,-,0,13,41.39500046,155,191,113.85099792,38.62799835,39,24.47560883,34.60344696,,,,,,,,,,,,,,,,,,,,,,,,,Angelo
Thu Oct 03 23:00:29 GMT+02:00 2019,03-ott-2019 23:00:28.384,14.24135689,41.59611492,10.18,10.72,517.1785278320311,65.8,2.88868713,6.84326172,5.84828186,-0.00593839,-9.01996613,25.09803963,-,84.5368042,16.52447128,1.18289208,6.05150509,15.06362057,6.63837194,-,-,-,31.28747559,190.96350098,1.62799835,0.94904292,280.56216431,914.5,10.72000027,518.84570312,41.59608078,14.24125767,65.0,15,27.32411766,0,72.67588043,-,-,7.84313726,7.84313726,-,-,0,13,41.39500046,156,193,115.51399994,36.64799881,37,24.62650681,34.64406967,,,,,,,,,,,,,,,,,,,,,,,,,Angelo
Thu Oct 03 23:00:30 GMT+02:00 2019,03-ott-2019 23:00:29.750,14.24146935,41.59615614,10.11,11.792,517.2305297851561,64.7,1.28935242,7.29098511,6.46359253,0.00646297,-9.02146149,1.56862748,-,77.54937744,16.52463341,1.28947413,6.05144596,15.1020565,6.62147713,-,-,-,34.10656738,188.11155701,7.64799881,0.96405792,280.57717896,1052,11.79199982,517.23052979,41.59615707,14.24146938,64.69999695,15,27.08761024,0,72.91239166,-,-,7.84313726,7.84313726,-,-,0,13,41.39500046,158,194,116.88400269,36.39599609,29,24.6785717,34.54999924,,,,,,,,,,,,,,,,,,,,,,,,,Angelo
Thu Oct 03 23:00:32 GMT+02:00 2019,03-ott-2019 23:00:31.900,14.24156364,41.59620364,5.59,10.72,517.2430419921875,40.0,0.94697571,7.32688904,6.02067566,-0.00950116,-9.02146149,0,-,181.2480011,16.52479362,0,6.05138683,15.13955688,6.60507536,-,-,-,0,184.75242615,12.39599609,0.97412056,280.58724976,1476.5,10.72000027,517.24304199,41.59620285,14.2415638,40.0,15,26.72559357,0,73.27440643,-,-,7.84313726,7.84313726,-,-,0,13,41.39500046,160,196,119.02799988,20.12400055,24,24.67058754,34.37704849,,,,,,,,,,,,,,,,,,,,,,,,,Angelo
Thu Oct 03 23:00:34 GMT+02:00 2019,03-ott-2019 23:00:33.989,14.24157602,41.59629176,5.07,10.72,517.1005249023439,347.2,1.64608765,8.20317078,3.61929321,-0.02923816,-9.02146149,97.2549057,-,181.2480011,16.52495575,0,6.05132771,15.17615604,6.58914661,-,-,-,0,181.51115417,1.46800041,0.99016196,280.603302,1102,10.72000027,517.1005249,41.59629059,14.24157619,347.20001221,14,26.38107872,0,73.61891937,-,-,21.96078491,21.56862831,-,-,12.15686321,13,41.39500046,162,199,121.1230011,18.25200081,19,24.6046505,34.12903214,,,,,,,,,,,,,,,,,,,,,,,,,Angelo
Thu Oct 03 23:00:36 GMT+02:00 2019,03-ott-2019 23:00:35.505,14.24153066,41.59636338,5.85,11.792,518.1121215820311,335.1,1.97648621,8.7035675,3.89701843,-0.01739215,-9.03002357,90.19608307,-,4.57088089,16.52378845,21.87716484,6.05175495,15.04990292,6.64442301,-,-,-,578.65063477,188.35838318,8.65600014,0.99979305,280.61291504,1455.5,11.79199982,518.11212158,41.59636307,14.24153042,335.10000610000003,14,26.13726425,0,73.86273956,-,-,22.35294151,21.56862831,-,-,12.15686321,13,41.39500046,164,200,122.63899994,21.05999947,25,24.60919571,33.98412704,,,,,,,,,,,,,,,,,,,,,,,,,Angelo
Thu Oct 03 23:00:37 GMT+02:00 2019,03-ott-2019 23:00:36.874,14.24148536,41.59645502,7.98,10.72,517.4359741210939,335.4,2.38589478,8.17204285,4.11727905,-0.02142499,-9.03731251,97.64706421,-,6.31645966,16.52279282,15.83132362,6.05211973,14.94715691,6.69009638,-,-,-,418.73825073,192.26312256,8.94000053,1.01119792,280.62432861,1789.5,10.72000027,517.43597412,41.59645462,14.2414856,335.39999389999997,13,25.92077637,0,74.07922363,-,-,22.74509811,21.96078491,-,-,12.94117641,13,41.39500046,165,202,124.00900269,28.72799873,30,24.67045403,33.921875,,,,,,,,,,,,,,,,,,,,,,,,,Angelo
Thu Oct 03 23:00:38 GMT+02:00 2019,03-ott-2019 23:00:38.246,14.24144394,41.59650983,8.92,10.72,516.990478515625,336.3,2.6516571,7.78897095,4.57936096,-0.05063513,-9.0445919,94.50980377,-,6.44860029,16.52180862,15.50691891,6.05247974,14.84833622,6.73462105,-,-,-,410.15774536,195.8946991,5.27200127,1.02336681,280.63650513,2014,10.72000027,516.99047852,41.59650803,14.24144363,336.29998779,13,25.70784378,0,74.2921524,-,-,23.13725471,21.96078491,-,-,13.72549057,13,41.39500046,166,203,125.3789978,32.11199951,34,24.77528,33.92307663,,,,,,,,,,,,,,,,,,,,,,,,,Angelo
Thu Oct 03 23:00:40 GMT+02:00 2019,03-ott-2019 23:00:39.643,14.24136759,41.59667954,8.77,11.792,517.5673217773439,337.0,2.41462708,7.58786011,5.17073059,-0.01317739,-9.05314827,12.54901981,-,6.4614768,16.52082825,15.47601604,6.05283928,14.75193501,6.77863073,-,-,-,409.34033203,199.39381409,1.59200287,1.03652477,280.6496582,1800.5,11.79199982,517.56732178,41.59667969,14.24136734,337.0,13,25.49459267,0,74.50540924,-,-,7.84313726,7.84313726,-,-,0,13,41.39500046,168,204,126.77400208,31.5720005,35,24.88888931,33.93939209,,,,,,,,,,,,,,,,,,,,,,,,,Angelo
Thu Oct 03 23:00:42 GMT+02:00 2019,03-ott-2019 23:00:41.900,14.24128003,41.59682847,8.61,12.864,517.1795043945311,336.2,3.01795959,6.78102112,5.38381958,-0.01011831,-9.05429935,25.88235283,-,160.72348022,16.52098846,0.62217367,6.05278063,14.79081059,6.76081419,-,-,-,16.45648193,196.44320679,1.4279995,1.05084252,280.66397095,902,12.86400032,517.17950439,41.59682846,14.2412796,336.20001221,12,25.15695953,0,74.84304047,-,-,7.84313726,7.84313726,-,-,0,13,41.39500046,170,206,129.03100586,30.99599838,33,24.97802162,33.92537308,,,,,,,,,,,,,,,,,,,,,,,,,Angelo
Thu Oct 03 23:00:44 GMT+02:00 2019,03-ott-2019 23:00:44.060,14.2412087,41.59692547,6.39,12.864,518.19091796875,333.2,1.67481995,7.32450867,4.76850891,-0.07424564,-9.05596447,3.13725495,-,88.55462646,16.52115059,1.12922299,6.0527215,14.82881355,6.74348783,-,-,-,29.86792755,193.79916382,10.18399811,1.07120013,280.68432617,1058,12.86400032,518.19091797,41.59692383,14.24120903,333.20001221,11,24.84167671,0,75.1583252,-,-,7.84313726,7.84313726,-,-,0,13,41.39500046,172,209,131.19400024,23.00399971,22,24.94565201,33.75,,,,,,,,,,,,,,,,,,,,,,,,,Angelo
Thu Oct 03 23:00:45 GMT+02:00 2019,03-ott-2019 23:00:45.347,14.24117086,41.596986799999996,6.28,13.936001000000001,519.2142333984375,327.3,2.24943542,7.42506409,4.23220825,0.03245801,-9.05596447,24.31372643,-,181.2480011,16.52131081,0,6.05266237,14.86597347,6.72663116,-,-,-,0,190.77104187,9.6079998,1.07912374,280.69226074,837.5,13.93600082,519.2142334,41.59698868,14.24117088,327.29998779,12,24.65780258,0,75.34220123,-,-,17.64705849,19.2156868,-,-,6.66666698,13,41.39500046,173,210,132.48100281,22.6079998,13,24.81720352,33.44927597,,,,,,,,,,,,,,,,,,,,,,,,,Angelo
Thu Oct 03 23:00:47 GMT+02:00 2019,03-ott-2019 23:00:46.592,14.24111387,41.59699091,3.64,11.792,519.5195922851561,287.3,2.03155518,8.68440247,4.38304138,0.03201336,-9.05724525,94.90196228,-,24.69336128,16.52210808,4.04958725,6.05237055,14.97396755,6.67811823,-,-,-,-,190.77104187,7.51199913,1.08342934,280.69656372,1156.5,11.79199982,519.51959229,41.59699249,14.24111366,287.29998779,12,24.48291969,0,75.51708221,-,-,21.96078491,21.17647171,-,-,12.15686321,13,41.39500046,175,211,133.72300719999998,13.10400009,12,24.68085098,33.1428566,,,,,,,,,,,,,,,,,,,,,,,,,Angelo
Thu Oct 03 23:00:48 GMT+02:00 2019,03-ott-2019 23:00:48.102,14.24106366,41.59700979,3.41,11.792,519.7151489257811,268.5,1.08584595,8.69877625,4.00714111,-0.01267862,-9.06146431,94.50980377,-,4.27186537,16.52091408,23.40849113,6.05280781,14.85764027,6.7304039,-,-,-,-,190.77104187,3.89599991,1.08862925,280.70175171,1030.5,11.79199982,519.71514893,41.59701157,14.24106407,268.5,12,24.2732029,0,75.72679901,-,-,22.35294151,21.56862831,-,-,12.15686321,13,41.39500046,176,213,135.23599243,12.27600002,17,24.60000038,32.91549301,,,,,,,,,,,,,,,,,,,,,,,,,Angelo
Thu Oct 03 23:00:50 GMT+02:00 2019,03-ott-2019 23:00:49.618,14.24090624,41.59696598,6.92,11.792,520.22998046875,249.4,2.47688293,7.84403992,2.45570374,0.02492071,-9.0687027,95.29412079,-,4.21166992,16.51971436,23.74305725,6.05324793,14.74316692,6.78266191,-,-,-,628.00341797,197.49769592,14.20000076,1.09746087,280.71060181,1482.5,11.79199982,520.22998047,41.59696579,14.24090672,249.39999390000003,12,24.06677628,0,75.93321991,-,-,22.35294151,21.56862831,-,-,12.54901981,13,41.39500046,178,214,136.75100708,24.91199875,25,24.60416603,32.80555725,,,,,,,,,,,,,,,,,,,,,,,,,Angelo
Thu Oct 03 23:00:52 GMT+02:00 2019,03-ott-2019 23:00:51.395,14.24071658,41.59691521,8.23,11.792,521.583251953125,247.3,2.66601562,7.55912781,4.74456787,-0.02333874,-9.07637024,88.62744904,-,5.79396629,16.51866722,17.25897408,6.05363083,14.64796257,6.82674599,-,-,-,456.49957275,201.42196655,6.08800125,1.10925198,280.72238159,1892,11.79199982,521.58325195,41.5969162,14.24071693,247.30000305,13,23.82881737,0,76.17118073,-,-,20.3921566,7.84313726,-,-,12.15686321,13,41.39500046,179,216,138.52999878,29.62799835,31,24.67010307,32.78082275,,,,,,,,,,,,,,,,,,,,,,,,,Angelo
Thu Oct 03 23:00:54 GMT+02:00 2019,03-ott-2019 23:00:53.959,14.24046826,41.59683048,9.74,10.72,520.8110961914061,246.1,1.60778809,7.97572327,4.66555786,-0.01225595,-9.08214378,81.96078491,-,13.41457176,16.51836586,7.45442486,6.05374193,14.6349802,6.83280182,-,-,-,197.16940308,201.35848999,3.89599991,1.13275528,280.74588013,1286.5,10.72000027,520.81109619,41.59683228,14.24046803,246.10000609999997,13,23.49414825,0,76.50585175,-,-,17.25490189,16.86274529,-,-,7.05882359,13,41.39500046,182,219,141.09300232,35.06399918,35,24.77551079,32.81081009,,,,,,,,,,,,,,,,,,,,,,,,,Angelo
Thu Oct 03 23:00:55 GMT+02:00 2019,03-ott-2019 23:00:55.329,14.24036029,41.59677694,9.79,10.72,520.1400146484375,245.1,2.29252625,7.68362427,4.43811035,-0.0087641,-9.08824539,63.92156982,-,14.91472816,16.51820946,6.70464277,6.05379915,14.63789368,6.83144188,-,-,-,177.337677,201.00524902,2.75600052,1.15073156,280.76385498,1430.5,10.72000027,520.14001465,41.59677505,14.24036026,245.10000609999997,13,23.31908226,0,76.68091583,-,-,17.25490189,14.90196133,-,-,7.05882359,13,41.39500046,183,220,142.46299744,35.24399948,38,24.90909004,32.88000107,,,,,,,,,,,,,,,,,,,,,,,,,Angelo
Thu Oct 03 23:00:57 GMT+02:00 2019,03-ott-2019 23:00:56.820,14.24012266,41.59668883,10.78,10.72,520.5415649414061,244.8,2.61813354,7.58786011,5.14918518,-0.01265367,-9.0908947,10.1960783,-,21.60163116,16.51870537,4.62918377,6.05361748,14.70968533,6.79810095,-,-,-,122.44182587,199.86665344,1.20800018,1.16688156,280.77999878,1450,10.72000027,520.54156494,41.59668732,14.2401228,244.80000305,13,23.13149834,0,76.86849976,-,-,8.23529434,7.84313726,-,-,0,13,41.39500046,185,222,143.95399475,38.80799866,38,25.04000092,32.94736862,,,,,,,,,,,,,,,,,,,,,,,,,Angelo
Thu Oct 03 23:00:58 GMT+02:00 2019,03-ott-2019 23:00:57.909,14.24000672,41.59663882,10.28,10.72,519.9240112304689,244.8,2.71629333,7.58306885,5.21621704,-0.01854152,-9.09296417,0.39215687,-,112.29401398,16.51886559,0.89050084,6.05355883,14.74499989,6.78181887,-,-,-,23.55373192,197.34790039,1.80799866,1.1798712,280.79299927,1399,10.72000027,519.92401123,41.59663773,14.24000645,244.80000305,13,22.99638557,0,77.00361633,-,-,7.84313726,7.84313726,-,-,0,13,41.39500046,186,223,145.04299927,37.00799942,37,25.15841675,33,,,,,,,,,,,,,,,,,,,,,,,,,Angelo
Thu Oct 03 23:00:59 GMT+02:00 2019,03-ott-2019 23:00:59.277,14.23989532,41.59661589,9.83,10.72,520.9277954101561,245.3,2.31646729,7.8631896999999995,4.87623596,-0.01831377,-9.09296417,1.17647064,-,181.2480011,16.5190258,0,6.053499700000001,14.77960396,6.76594067,-,-,-,0,194.56834412,2.00799942,1.19156122,280.8046875,1331,10.72000027,520.92779541,41.59661484,14.23989487,245.30000305,12,22.82875443,0,77.17124176,-,-,13.72549057,13.33333397,-,-,3.13725495,13,41.39500046,187,224,146.41200256,35.38800049,35,25.25490189,33.0256424,,,,,,,,,,,,,,,,,,,,,,,,,Angelo
Thu Oct 03 23:01:01 GMT+02:00 2019,03-ott-2019 23:01:00.641,14.23968271,41.59651718,9.67,10.72,521.9046020507811,244.0,2.50561523,7.77700806,4.64401245,-0.0235829,-9.09296417,30.19607925,-,181.2480011,16.51918793,0,6.05344057,14.81351662,6.75045109,-,-,-,0,191.86601257,2.09999847,1.20453787,280.81765747,1254.5,10.72000027,521.90460205,41.59651566,14.23968315,244.0,11,22.66439056,0,77.33560944,-,-,13.72549057,12.94117641,-,-,3.13725495,13,41.39500046,189,225,147.77400208,34.81200027,33,25.3300972,33.02531815,,,,,,,,,,,,,,,,,,,,,,,,,Angelo
Thu Oct 03 23:01:04 GMT+02:00 2019,03-ott-2019 23:01:03.463,14.23938581,41.59642331,9.07,10.72,524.353759765625,244.6,2.68516541,7.74108887,4.718231200000001,-0.01719165,-9.09433365,20,-,53.2133255,16.51934814,1.87918949,6.05338144,14.84676075,6.73533583,-,-,-,49.70452881,189.91859436,1.81200027,1.21695876,280.83007812,1259,10.72000027,524.35375977,41.59642410000001,14.2393856,244.60000609999997,9,22.331604,0,77.668396,-,-,12.54901981,12.54901981,-,-,1.56862748,13,41.39500046,191,228,150.59300232,32.65199661,33,25.40384674,33.02500153,,,,,,,,,,,,,,,,,,,,,,,,,Angelo
Thu Oct 03 23:01:05 GMT+02:00 2019,03-ott-2019 23:01:05.273,14.23928659,41.59640794,8.89,10.72,523.4135131835939,245.2,2.92938232,7.32450867,4.76611328,-0.01344302,-9.09725189,21.56862831,-,77.53072357,16.51950836,1.28978443,6.05332279,14.87935352,6.72058201,-,-,-,34.11477661,187.81312561,0.34800339,1.24687874,280.86001587,1238,10.72000027,523.41351318,41.59640884,14.23928642,245.19999695,10,22.12257957,0,77.87741852,-,-,12.54901981,10.1960783,-,-,1.56862748,13,41.39500046,193,230,152.40699768,32.00400162,33,25.47619057,33.02469254,,,,,,,,,,,,,,,,,,,,,,,,,Angelo
Thu Oct 03 23:01:07 GMT+02:00 2019,03-ott-2019 23:01:06.646,14.23907824,41.59634434,9.07,10.72,523.1307983398439,245.6,2.93896484,7.54716492,5.26409912,-0.0143453,-9.09911156,6.66666698,-,62.47249222,16.51967049,1.60067117,6.05326366,14.91131592,6.70617676,-,-,-,42.33772659,185.87345886,0.43600082,1.25924683,280.87237549,1227.5,10.72000027,523.13079834,41.59634399,14.23907852,245.60000609999997,11,21.96717834,0,78.03282166,-,-,7.84313726,7.84313726,-,-,0,13,41.39500046,195,231,153.77799988,32.65199661,32,25.53773499,33.01219559,,,,,,,,,,,,,,,,,,,,,,,,,Angelo
Thu Oct 03 23:01:08 GMT+02:00 2019,03-ott-2019 23:01:08.160,14.23897777,41.59630506,8.94,11.792,523.4778442382811,245.7,2.86473083,7.56152344,5.15637207,-0.013753399999999999,-9.10070229,18.03921509,-,168.74610901,16.5198307,0.59259391,6.05320454,14.9426651,6.6921072,-,-,-,15.67409897,183.63400269,1.65199661,1.27252936,280.88565063,1160.5,11.79199982,523.47784424,41.59630585,14.23897743,245.69999695,11,21.79775238,0,78.20224762,-,-,8.23529434,7.84313726,-,-,0,13,41.39500046,196,233,155.29499817,32.18399811,31,25.58878517,32.98795319,,,,,,,,,,,,,,,,,,,,,,,,,Angelo
Thu Oct 03 23:01:10 GMT+02:00 2019,03-ott-2019 23:01:09.534,14.23880104,41.59620997,8.34,11.792,524.21533203125,244.6,2.03634644,7.23352051,5.47479248,0.00438067,-9.10177803,21.56862831,-,109.62345123,16.51999283,0.91219461,6.05314589,14.97341919,6.67836237,-,-,-,24.12753105,181.56248474,4.14799881,1.28375578,280.89688110000003,873.5,11.79199982,524.21533203,41.59621048,14.238801,244.60000609999997,11,21.64697647,0,78.35302734,-,-,7.84313726,7.84313726,-,-,0,13,41.39500046,198,234,156.66499329,30.02400017,28,25.61111069,32.92856979,,,,,,,,,,,,,,,,,,,,,,,,,Angelo
Thu Oct 03 23:01:11 GMT+02:00 2019,03-ott-2019 23:01:10.900,14.23874929,41.59618607,7.29,10.72,524.5050048828125,243.9,2.87670898,7.41069031,5.59449768,-0.01065962,-9.10272598,20,-,86.927948,16.52015305,1.15035403,6.05308676,15.0035944,6.66493082,-,-,-,30.42684364,179.62484741,5.02400017,1.29382575,280.90695189999997,868,10.72000027,524.50500488,41.59618759,14.238749499999999,243.89999390000003,11,21.49827003,0,78.50173187,-,-,8.23529434,7.84313726,-,-,0,13,41.39500046,199,236,158.03500366,26.24399948,25,25.60550499,32.83529282,,,,,,,,,,,,,,,,,,,,,,,,,Angelo
Thu Oct 03 23:01:14 GMT+02:00 2019,03-ott-2019 23:01:13.721,14.23849926,41.59612392,6.64,11.792,523.0292358398439,258.0,2.16563416,6.80256653,6.01348877,-0.02950352,-9.10364628,24.31372643,-,85.21044922,16.52031326,1.17354059,6.05302811,15.03320694,6.65180206,-,-,-,31.04012871,177.74403381,4.24399948,1.30277538,280.91589355,835.5,11.79199982,523.02923584,41.59612274,14.23849964,258.0,11,21.19841194,0,78.80158997,-,-,7.84313726,7.84313726,-,-,0,13,41.39500046,202,238,160.85600281,23.90399933,22,25.5727272,32.70930099,,,,,,,,,,,,,,,,,,,,,,,,,Angelo
Thu Oct 03 23:01:16 GMT+02:00 2019,03-ott-2019 23:01:15.671,14.23849371,41.59611432,2.52,10.72,524.809814453125,258.2,2.88389587,7.01325989,6.07095337,0.00908175,-9.10556412,26.66666794,-,66.14691925,16.52047539,1.51175475,6.05296898,15.06227303,6.63896608,-,-,-,39.98588562,176.02204895,8.41599846,1.31632125,280.92944336,778,10.72000027,524.80981445,41.59611511,14.23849392,258.20001221,13,20.99597931,0,79.00402069,-,-,8.23529434,7.84313726,-,-,0,13,41.39500046,204,240,162.80599976,9.07199955,8,25.41441536,32.42528915,,,,,,,,,,,,,,,,,,,,,,,,,Angelo
Thu Oct 03 23:01:17 GMT+02:00 2019,03-ott-2019 23:01:17.040,14.23847952,41.59612613,2.27,11.792,525.33203125,257.6,2.37870789,7.80334473,5.05342102,-0.00279176,-9.10670757,25.49019623,-,22.4380722,16.52105141,4.45661783,6.05275774,15.12994099,6.60927343,-,-,-,-,176.02204895,9.07199955,1.31632125,280.92944336,782.5,11.79199982,525.33203125,41.59612656,14.23847961,257.6000061,13,21.37530518,0,78.62469482,-,-,7.84313726,7.84313726,-,-,0,13,42.462001799999996,205,242,163.10699463,8.17199993,0,25.1875,32.42528915,,,,,,,,,,,,,,,,,,,,,,,,,Angelo
Thu Oct 03 23:01:19 GMT+02:00 2019,03-ott-2019 23:01:18.411,14.23854585,41.5961389,0.0,12.864,523.6717529296875,0.0,2.22547913,7.57829285,4.70385742,-0.02164964,-9.10760307,25.88235283,-,0,16.52097321,-,6.05278587,15.12339115,6.61213589,-,-,-,-,176.02204895,1.15199995,1.31632125,280.92944336,767.5,12.86400032,523.67175293,41.596138,14.23854542,0.0,11,21.89620209,0,78.10379791,-,-,7.84313726,7.84313726,-,-,0,13,43.83300018,206,243,163.10699463,0.0,0,24.96460152,32.42528915,,,,,,,,,,,,,,,,,,,,,,,,,Angelo
Thu Oct 03 23:01:20 GMT+02:00 2019,03-ott-2019 23:01:19.778,14.23853001,41.59613302,0.0,12.864,524.018310546875,0.0,2.37393188,7.75067139,5.07496643,-0.01974968,-9.10849667,31.76470566,-,0,16.52089691,-,6.05281401,15.11690331,6.61497402,-,-,-,-,176.02204895,0,1.31632125,280.92944336,789.5,12.86400032,524.01831055,41.59613419,14.23853016,0.0,11,22.40912437,0,77.59087372,-,-,7.84313726,7.84313726,-,-,0,13,45.20100021,208,244,163.10699463,0.0,0,24.7456131,32.42528915,,,,,,,,,,,,,,,,,,,,,,,,,Angelo
Thu Oct 03 23:01:21 GMT+02:00 2019,03-ott-2019 23:01:21.154,14.23852004,41.59613297,0.0,13.936001000000001,524.376708984375,0.0,2.30688477,7.75306702,5.01271057,-0.02248808,-9.10940266,25.88235283,-,0,16.52082062,-,6.05284214,15.11047649,6.61778736,-,-,-,-,176.02204895,0,1.31632125,280.92944336,766,13.93600082,524.37670898,41.59613419,14.23851967,0.0,11,22.91829681,0,77.08170319,-,-,7.84313726,7.84313726,-,-,0,13,46.57699966,209,246,163.10699463,0.0,0,24.53043556,32.42528915,,,,,,,,,,,,,,,,,,,,,,,,,Angelo
Thu Oct 03 23:01:25 GMT+02:00 2019,03-ott-2019 23:01:25.283,14.23851755,41.5961213,0.0,13.936001000000001,526.09765625,0.0,2.21591187,7.54956055,4.67272949,-0.02268871,-9.11031055,26.27450943,-,0,16.52074432,-,6.05287027,15.10410881,6.62057734,-,-,-,-,176.02204895,0,1.31632125,280.92944336,777,13.93600082,526.09765625,41.59612274,14.23851776,0.0,11,24.40648842,0,75.59351349,-,-,7.84313726,7.84313726,-,-,0,13,50.70500183,213,249,163.10699463,0.0,0,24.31896591,32.42528915,,,,,,,,,,,,,,,,,,,,,,,,,Angelo
Thu Oct 03 23:01:27 GMT+02:00 2019,03-ott-2019 23:01:26.727,14.23852441,41.59612978,0.0,12.864,525.5185546875,0.0,2.22787476,7.58786011,4.72540283,-0.02254683,-9.11303425,26.27450943,-,0,16.52066803,-,6.05289841,15.0977993,6.62334394,-,-,-,-,176.02204895,0,1.31632125,280.92944336,771,12.86400032,525.51855469,41.59613037,14.23852444,0.0,12,24.91359138,0,75.08641052,-,-,7.84313726,7.84313726,-,-,0,13,52.14899826,215,251,163.10699463,0.0,0,24.11111069,32.42528915,,,,,,,,,,,,,,,,,,,,,,,,,Angelo
Thu Oct 03 23:01:29 GMT+02:00 2019,03-ott-2019 23:01:29.138,14.23852253,41.59613229,0.0,11.792,526.8729248046875,0.0,2.29492188,7.70518494,4.81159973,-0.02295225,-9.11397648,25.09803963,-,0,16.52059174,-,6.05292606,15.09154797,6.62608767,-,-,-,-,176.02204895,0,1.31632125,280.92944336,782.5,11.79199982,526.8729248,41.59613419,14.23852253,0.0,12,25.74460793,0,74.25539398,-,-,7.84313726,7.84313726,-,-,0,13,54.55799866,217,254,163.10699463,0.0,0,23.90678024,32.42528915,,,,,,,,,,,,,,,,,,,,,,,,,Angelo
Thu Oct 03 23:01:31 GMT+02:00 2019,03-ott-2019 23:01:30.588,14.23851943,41.59613232,0.0,11.792,527.913330078125,0.0,2.33082581,7.67645264,4.90257263,-0.02216652,-9.11556339,30.98039246,-,0,16.52051544,-,6.0529542,15.08535194,6.62880898,-,-,-,-,176.02204895,0,1.31632125,280.92944336,786,11.79199982,527.91333008,41.59613419,14.23851967,0.0,12,26.23666763,0,73.76332855,-,-,7.84313726,7.84313726,-,-,0,13,56.00999832,219,255,163.10699463,0.0,0,23.70588303,32.42528915,,,,,,,,,,,,,,,,,,,,,,,,,Angelo
Thu Oct 03 23:01:32 GMT+02:00 2019,03-ott-2019 23:01:32.018,14.23851835,41.59613166,0.0,11.792,528.305419921875,0.0,2.3380127,7.67884827,4.99116516,-0.01748025,-9.11653519,30.19607925,-,0,16.52043724,-,6.05298233,15.07921219,6.63150787,-,-,-,-,176.02204895,0,1.31632125,280.92944336,786.5,11.79199982,528.30541992,41.59613037,14.23851871,0.0,11,26.71494102,0,73.28505707,-,-,7.84313726,7.84313726,-,-,0,13,57.43999863,220,257,163.10699463,0.0,0,23.50833321,32.42528915,,,,,,,,,,,,,,,,,,,,,,,,,Angelo
Thu Oct 03 23:01:35 GMT+02:00 2019,03-ott-2019 23:01:35.298,14.2385179,41.59613259,0.0,10.72,528.846923828125,0.0,2.30688477,7.73629761,4.99116516,-0.01349282,-9.11747932,32.15686417,-,0,16.52036095,-,6.05301046,15.07312775,6.63418531,-,-,-,-,176.02204895,0,1.31632125,280.92944336,780,10.72000027,528.84692383,41.59613419,14.23851776,0.0,11,27.78919601,0,72.2108078,-,-,8.23529434,7.84313726,-,-,0,13,60.72100067,223,260,163.10699463,0.0,0,23.31404877,32.42528915,,,,,,,,,,,,,,,,,,,,,,,,,Angelo
Thu Oct 03 23:01:38 GMT+02:00 2019,03-ott-2019 23:01:37.701,14.23851547,41.59613311,0.0,10.72,526.700927734375,0.0,2.36914062,7.81291199,5.09411621,-0.01854101,-9.11964703,27.05882454,-,0,16.52028465,-,6.0530386,15.06709576,6.6368413,-,-,-,-,176.02204895,0,1.31632125,280.92944336,776.5,10.72000027,526.70092773,41.59613419,14.23851585,0.0,12,28.55526352,0,71.4447403,-,-,7.84313726,7.84313726,-,-,0,13,63.12099838,226,262,163.10699463,0.0,0,23.12295151,32.42528915,,,,,,,,,,,,,,,,,,,,,,,,,Angelo
Thu Oct 03 23:01:41 GMT+02:00 2019,03-ott-2019 23:01:40.435,14.2385156,41.5961331,0.0,10.72,527.883544921875,0.0,2.2973175,7.63574219,4.96722412,-0.02022776,-9.12122059,27.45098114,-,0,16.52020836,-,6.05306625,15.06111717,6.63947582,-,-,-,-,176.02204895,0,1.31632125,280.92944336,766.5,10.72000027,527.88354492,41.59613419,14.23851585,0.0,12,29.40775681,0,70.59223938,-,-,7.84313726,7.84313726,-,-,0,13,65.85299683,228,265,163.10699463,0.0,0,22.93495941,32.42528915,,,,,,,,,,,,,,,,,,,,,,,,,Angelo
Thu Oct 03 23:01:43 GMT+02:00 2019,03-ott-2019 23:01:43.133,14.23851554,41.59613306,0.0,10.72,528.53173828125,0.0,2.39068604,7.80813599,5.08692932,-0.01708557,-9.12301826,31.37254906,-,0,16.52013206,-,6.05309439,15.05518913,6.64208984,-,-,-,-,176.02204895,0,1.31632125,280.92944336,785,10.72000027,528.53173828,41.59613419,14.23851585,0.0,10,30.23020935,0,69.76979065,-,-,7.84313726,7.84313726,-,-,0,13,68.55200195,231,268,163.10699463,0.0,0,22.75,32.42528915,,,,,,,,,,,,,,,,,,,,,,,,,Angelo
Thu Oct 03 23:01:46 GMT+02:00 2019,03-ott-2019 23:01:45.875,14.2385152,41.59613424,0.0,10.72,524.70556640625,0.0,2.30448914,7.65011597,4.82118225,-0.02001316,-9.12523556,27.45098114,-,0,16.52005577,-,6.05312252,15.04931355,6.64468336,-,-,-,-,176.02204895,0,1.31632125,280.92944336,792,10.72000027,524.70556641,41.59613419,14.2385149,0.0,11,31.04754639,0,68.95245361,-,-,8.23529434,7.84313726,-,-,0,13,71.29799652,234,271,163.10699463,0.0,0,22.56800079,32.42528915,,,,,,,,,,,,,,,,,,,,,,,,,Angelo
Thu Oct 03 23:01:47 GMT+02:00 2019,03-ott-2019 23:01:47.318,14.23851536,41.59613419,0.0,10.72,525.6505126953125,0.0,2.26139832,7.65011597,4.81159973,-0.019476900000000002,-9.12663078,26.27450943,-,0,16.51997948,-,6.05315065,15.0434866,6.64725685,-,-,-,-,176.02204895,0,1.31632125,280.92944336,771,10.72000027,525.6505127,41.59613419,14.2385149,0.0,11,31.46942139,0,68.53057861,-,-,7.84313726,7.84313726,-,-,0,13,72.74099731,235,272,163.10699463,0.0,0,22.38888931,32.42528915,,,,,,,,,,,,,,,,,,,,,,,,,Angelo
Thu Oct 03 23:01:49 GMT+02:00 2019,03-ott-2019 23:01:48.787,14.23851547,41.59613421,0.0,10.72,526.928955078125,0.0,2.32125854,7.65968323,4.88821411,-0.01998257,-9.12759686,26.27450943,-,0,16.51990318,-,6.05317831,15.03771019,6.64981031,-,-,-,-,176.02204895,0,1.31632125,280.92944336,782.5,10.72000027,526.92895508,41.59613419,14.23851585,0.0,10,31.89334106,0,68.10665894,-,-,7.84313726,7.84313726,-,-,0,13,74.20899963,237,274,163.10699463,0.0,0,22.2125988,32.42528915,,,,,,,,,,,,,,,,,,,,,,,,,Angelo
Thu Oct 03 23:01:50 GMT+02:00 2019,03-ott-2019 23:01:50.220,14.23851547,41.59613429,0.0,11.792,527.322021484375,0.0,2.32365417,7.69799805,4.90975952,-0.01932127,-9.12854958,34.50980377,-,0,16.51982689,-,6.05320644,15.03198147,6.6523447,-,-,-,-,176.02204895,0,1.31632125,280.92944336,789,11.79199982,527.32202148,41.59613419,14.23851585,0.0,10,32.30241013,0,67.69759369,-,-,7.84313726,7.84313726,-,-,0,13,75.64299774,238,275,163.10699463,0.0,0,22.0390625,32.42528915,,,,,,,,,,,,,,,,,,,,,,,,,Angelo
Thu Oct 03 23:01:52 GMT+02:00 2019,03-ott-2019 23:01:51.662,14.23851556,41.59613439,0.0,11.792,527.947021484375,0.0,2.34040833,7.72673035,5.02946472,-0.01833743,-9.12953281,28.62745094,-,0,16.5197506,-,6.05323458,15.02630043,6.65485954,-,-,-,-,176.02204895,0,1.31632125,280.92944336,792,11.79199982,527.94702148,41.59613419,14.23851585,0.0,9,32.70883179,0,67.29116821,-,-,7.84313726,7.84313726,-,-,0,13,77.08499908,240,276,163.10699463,0.0,0,21.86821747,32.42528915,,,,,,,,,,,,,,,,,,,,,,,,,Angelo
Thu Oct 03 23:01:54 GMT+02:00 2019,03-ott-2019 23:01:54.295,14.23851564,41.59613446,0.0,10.72,528.547119140625,0.0,2.25900269,7.55195618,4.71104431,-0.02169523,-9.1304903,27.05882454,-,0,16.519674300000002,-,6.05326271,15.02066612,6.65735579,-,-,-,-,176.02204895,0,1.31632125,280.92944336,772,10.72000027,528.54711914,41.59613419,14.23851585,0.0,9,33.43711472,0,66.5628891,-,-,7.84313726,7.84313726,-,-,0,13,79.71299744,242,278,163.10699463,0.0,0,21.70000076,32.42528915,,,,,,,,,,,,,,,,,,,,,,,,,Angelo
Thu Oct 03 23:01:56 GMT+02:00 2019,03-ott-2019 23:01:56.232,14.23851555,41.59613445,0.0,10.72,528.8525390625,0.0,2.29492188,7.82489014,4.97201538,-0.00742882,-9.13223362,27.84313774,-,0,16.5195961,-,6.05329037,15.01507759,6.65983343,-,-,-,-,176.02204895,0,1.31632125,280.92944336,793,10.72000027,528.85253906,41.59613419,14.23851585,0.0,10,33.96496964,0,66.03502655,-,-,7.84313726,7.84313726,-,-,0,13,81.65399933,244,281,163.10699463,0.0,0,21.53435135,32.42528915,,,,,,,,,,,,,,,,,,,,,,,,,Angelo
Thu Oct 03 23:01:58 GMT+02:00 2019,03-ott-2019 23:01:57.450,14.23851618,41.59613665,0.0,11.792,526.208984375,0.0,2.23985291,7.69799805,4.93849182,-0.02238316,-9.13346577,32.94117737,-,0,16.51951981,-,6.0533185,15.00953484,6.66229296,-,-,-,-,176.02204895,0,1.31632125,280.92944336,784,11.79199982,526.20898438,41.596138,14.23851585,0.0,11,34.29195023,0,65.70804596,-,-,7.84313726,7.84313726,-,-,0,13,82.87200165,245,282,163.10699463,0.0,0,21.37121201,32.42528915,,,,,,,,,,,,,,,,,,,,,,,,,Angelo
Thu Oct 03 23:01:59 GMT+02:00 2019,03-ott-2019 23:01:58.599,14.23851596,41.59613655,0.0,11.792,526.731689453125,0.0,2.3380127,7.87995911,4.99835205,-0.01823866,-9.13426971,26.66666794,-,0,16.51944351,-,6.05334663,15.0040369,6.66473436,-,-,-,-,176.02204895,0,1.31632125,280.92944336,776.5,11.79199982,526.73168945,41.596138,14.23851585,0.0,11,34.59745407,0,65.40254211,-,-,7.84313726,7.84313726,-,-,0,13,84.02100372,247,283,163.10699463,0.0,0,21.21052551,32.42528915,,,,,,,,,,,,,,,,,,,,,,,,,Angelo
Thu Oct 03 23:02:00 GMT+02:00 2019,03-ott-2019 23:02:00.053,14.23851598,41.59613654,0.0,11.792,527.1748046875,0.0,1.05950928,8.80651855,4.03587341,-0.00786321,-9.13505936,69.41176605,-,0,16.51936722,-,6.05337477,14.99858284,6.66715765,-,-,-,-,176.02204895,0,1.31632125,280.92944336,812,11.79199982,527.17480469,41.596138,14.23851585,0.0,11,34.98026657,0,65.01972961,-,-,29.41176605,31.76470566,-,-,17.64705849,13,85.47599792,248,285,163.10699463,0.0,0,21.05223846,32.42528915,,,,,,,,,,,,,,,,,,,,,,,,,Angelo
Thu Oct 03 23:02:03 GMT+02:00 2019,03-ott-2019 23:02:02.778,14.23846483,41.59610344,1.64,12.864,526.99560546875,245.9,1.96212769,7.55435181,4.88342285,-0.04248375,-9.14070797,99.60784149,-,0,16.51929092,-,6.05340242,14.99317265,6.66956377,-,-,-,-,176.02204895,8,1.31632125,280.92944336,1875,12.86400032,526.99560547,41.59610367,14.23846436,245.89999390000003,11,34.73681259,0,65.26318359,-,-,33.33333206,7.84313726,-,-,24.70588303,13,85.81600189,251,288,165.48800659,5.90399981,8,20.95555496,32.14772797,,,,,,,,,,,,,,,,,,,,,,,,,Angelo
Thu Oct 03 23:02:06 GMT+02:00 2019,03-ott-2019 23:02:05.903,14.23824718,41.59614582,4.61,13.936001000000001,527.98583984375,276.3,2.01959229,8.37316895,3.98080444,0.01110346,-9.16040134,92.15686798,-,1.2357856,16.51780701,80.91850281,6.0539464999999995,14.88973331,6.71589708,-,-,-,-,176.02204895,22.05200005,1.33111608,280.94424438,1956,13.93600082,527.98583984,41.59614563,14.23824692,276.29998779,11,34.3102951,0,65.6897049,-,-,8.23529434,7.84313726,-,-,41.5686264,13,85.81600189,254,291,168.61199951,16.59600067,29,21.01470566,32.11235809,,,,,,,,,,,,,,,,,,,,,,,,,Angelo
Thu Oct 03 23:02:11 GMT+02:00 2019,03-ott-2019 23:02:10.430,14.23723172,41.59573082,17.33,11.792,524.1285400390625,246.4,1.84002686,7.8296814,4.37585449,-0.050416199999999994,-9.18895149,92.54901886,-,4.94906759,16.51668358,20.20540619,6.05435848,14.81554985,6.74952507,-,-,-,534.43261719,180.4468689,2.01599884,1.33111608,280.94424438,1974.5,11.79199982,524.12854004,41.59572983,14.23723125,246.39999390000003,11,33.71009827,0,66.28990173,-,-,7.84313726,23.52941132,-,-,0,13,85.81600189,258,294,173.14199829,62.38799667,54,21.25547409,32.35555649,,,,,,,,,,,,,,,,,,,,,,,,,Angelo
Thu Oct 03 23:02:12 GMT+02:00 2019,03-ott-2019 23:02:11.829,14.23703384,41.59565065,18.22,11.792,525.779541015625,245.7,2.69953918,7.13056946,3.11170959,-0.0409224,-9.22647858,92.15686798,-,6.31583834,16.51569366,15.83288193,6.05472136,14.75258827,6.77833033,-,-,-,418.77944946,183.35336304,4.61200333,1.3721385,280.98526001,1839.5,11.79199982,525.77954102,41.59564972,14.23703384,245.69999695,11,33.5287056,0,66.47129822,-,-,40,39.2156868,-,-,32.15686417,13,85.81600189,260,297,174.54299927,65.59199524,67,21.58695602,32.73626328,,,,,,,,,,,,,,,,,,,,,,,,,Angelo
Thu Oct 03 23:02:15 GMT+02:00 2019,03-ott-2019 23:02:14.693,14.23635709,41.59547249,19.98,10.72,526.8037109375,246.7,3.84396362,6.2111969,5.2210083,-0.02398931,-9.24424744,88.62744904,-,6.60476351,16.51473045,15.14027309,6.05507421,14.69267845,6.80596972,-,-,-,400.45993042,185.96911621,7.40800476,1.40006077,281.01318359,1979,10.72000027,526.80371094,41.59547424,14.23635674,246.69999695,11,33.16439819,0,66.83560181,-,-,33.72549057,7.84313726,-,-,27.05882454,13,85.81600189,263,299,177.40299988,71.92799377,73,21.95683479,33.17391205,,,,,,,,,,,,,,,,,,,,,,,,,Angelo
Thu Oct 03 23:02:16 GMT+02:00 2019,03-ott-2019 23:02:16.109,14.23615535,41.59541162,18.85,10.72,522.90185546875,245.5,2.76417542,6.99409485,6.40374756,0.01296131,-9.26033497,0.39215687,-,15.47988415,16.51462936,6.45986223,6.05511093,14.69842434,6.80330896,-,-,-,170.86323547,185.78927612,4.92799377,1.45528305,281.06842041,1849,10.72000027,522.90185547,41.59541321,14.23615551,245.5,11,32.98644638,0,67.01355743,-,-,7.84313726,7.84313726,-,-,0,13,85.81600189,264,301,178.82299805,67.86000061,67,22.27857208,33.5376358,,,,,,,,,,,,,,,,,,,,,,,,,Angelo
Thu Oct 03 23:02:18 GMT+02:00 2019,03-ott-2019 23:02:17.554,14.23578625,41.59530513,16.02,10.72,523.7044067382811,246.9,2.72108459,6.93904114,6.19065857,-0.03514357,-9.26033497,0,-,181.2480011,16.51478958,0,6.05505228,14.72355175,6.79169798,-,-,-,0,183.60351562,4.68400192,1.48046553,281.09359741,1830,10.72000027,523.70440674,41.5953064,14.23578644,246.89999390000003,11,32.80792618,0,67.19207764,-,-,7.84313726,7.84313726,-,-,0,13,85.81600189,266,302,180.26300049,57.67200089,59,22.53900719,33.80850983,,,,,,,,,,,,,,,,,,,,,,,,,Angelo
Thu Oct 03 23:02:22 GMT+02:00 2019,03-ott-2019 23:02:21.393,14.23512659,41.59509482,14.88,10.72,524.1129150390625,246.3,1.56468201,8.8807373,3.74139404,-0.02988912,-9.26033497,95.6862793,-,181.2480011,16.514949800000004,0,6.05499363,14.74831963,6.78029251,-,-,-,0,181.46859741,1.05200195,1.54033887,281.1534729,2110.5,10.72000027,524.11291504,41.59509659,14.235126500000002,246.30000305,12,32.34106445,0,67.65893555,-,-,29.01960754,31.76470566,-,-,18.8235302,13,85.81600189,269,306,184.10400391,53.56800079,53,22.75352097,34.01052475,,,,,,,,,,,,,,,,,,,,,,,,,Angelo
Thu Oct 03 23:02:23 GMT+02:00 2019,03-ott-2019 23:02:22.830,14.23494013,41.59503985,16.59,10.72,525.1162109375,247.3,1.66523743,8.89030457,2.47724915,-0.15402479,-9.31312466,86.27451324,-,4.47064352,16.5137825,22.36767769,6.05542231,14.67490768,6.81421089,-,-,-,591.62469482,186.18302917,7.43199921,1.56299639,281.17611694,2271.5,10.72000027,525.11621094,41.59503937,14.23494053,247.30000305,12,32.16944122,0,67.83055878,-,-,32.94117737,32.15686417,-,-,24.31372643,13,85.81600189,271,308,185.54400635,59.72399902,61,23.02097893,34.29166794,,,,,,,,,,,,,,,,,,,,,,,,,Angelo
Thu Oct 03 23:02:26 GMT+02:00 2019,03-ott-2019 23:02:26.053,14.23429884,41.59486044,19.57,10.72,524.07421875,248.9,2.99880981,6.63975525,6.27685547,-0.00393214,-9.33455086,96.07843018,-,4.8589201,16.51264954,20.58027649,6.05583715,14.60529137,6.84669161,-,-,-,544.34796143,190.25309753,4.10000229,1.6030401,281.21615601,2321,10.72000027,524.07421875,41.59486008,14.23429871,248.89999390000003,14,31.7925396,0,68.2074585,-,-,7.84313726,7.84313726,-,-,19.6078434,13,85.81600189,274,311,188.76100159,70.45199585,68,23.33333397,34.63917542,,,,,,,,,,,,,,,,,,,,,,,,,Angelo
Thu Oct 03 23:02:28 GMT+02:00 2019,03-ott-2019 23:02:28.189,14.23385177,41.59473706,19.19,10.72,522.3042602539061,248.3,2.77854919,6.21838379,6.53781128,-0.00673332,-9.36306286,0,-,11.05590725,16.5121212,9.04475021,6.05603123,14.58029556,6.85842896,-,-,-,239.23347473,190.80343628,4.89199829,1.66251504,281.27563477,1288.5,10.72000027,522.30426025,41.59473801,14.23385143,248.30000305,14,31.54655647,0,68.45344543,-,-,7.84313726,7.84313726,-,-,0,13,85.81600189,276,313,190.90199280000002,69.08399963,67,23.63448334,34.96938705,,,,,,,,,,,,,,,,,,,,,,,,,Angelo
Thu Oct 03 23:02:30 GMT+02:00 2019,03-ott-2019 23:02:29.632,14.23350157,41.59462441,15.78,10.72,521.961181640625,247.1,2.76657104,6.02684021,5.78843689,-0.00484359,-9.36306286,0,-,181.2480011,16.51228142,0,6.05597258,14.60535145,6.846663,-,-,-,0,188.68339539,2.66799545,1.68682253,281.29995728,2150,10.72000027,521.96118164,41.59462357,14.23350143,247.10000609999997,14,31.38290405,0,68.61709595,-,-,7.84313726,7.84313726,-,-,0,13,85.81600189,278,314,192.34500122,56.80799866,59,23.8767128,35.21212006,,,,,,,,,,,,,,,,,,,,,,,,,Angelo
Thu Oct 03 23:02:32 GMT+02:00 2019,03-ott-2019 23:02:31.971,14.23321872,41.59452918,12.81,10.72,521.6263427734375,247.7,2.06987,7.39633179,5.12763977,0.00069167,-9.36306286,0,-,181.2480011,16.51244164,0,6.05591393,14.63006115,6.83509922,-,-,-,0,186.60995483,5.80799866,1.70882249,281.32196045,1493,10.72000027,521.62634277,41.5945282,14.23321915,247.69999695,14,31.12132263,0,68.87867737,-,-,7.84313726,7.84313726,-,-,0,13,85.81600189,280,317,194.68299866,46.11600113,51,24.06122398,35.36999893,,,,,,,,,,,,,,,,,,,,,,,,,Angelo
Thu Oct 03 23:02:33 GMT+02:00 2019,03-ott-2019 23:02:33.261,14.23307329,41.59447133,12.63,10.72,520.1994018554689,246.8,3.05627441,8.91184998,1.37831116,-0.01039457,-9.36306286,17.64705849,-,181.2480011,16.51260185,0,6.0558548,14.65443039,6.82373285,-,-,-,0,184.58157349,8.11600113,1.73649907,281.34963989,2313,10.72000027,520.19940186,41.59447098,14.23307323,246.80000305,14,30.9787426,0,69.02125549,-,-,42.74509811,41.96078491,-,-,35.29411697,13,85.81600189,281,318,195.97399902,45.4679985,38,24.15540504,35.39603806,,,,,,,,,,,,,,,,,,,,,,,,,Angelo
Thu Oct 03 23:02:36 GMT+02:00 2019,03-ott-2019 23:02:36.284,14.23263102,41.59431562,14.43,10.72,518.1210327148439,248.4,1.74185181,8.75144958,3.07341003,-0.04966136,-9.37460804,0,-,13.68896866,16.51232719,7.30500031,6.05595541,14.64781761,6.82681322,-,-,-,193.21711731,184.67443848,5.20000076,1.76414907,281.37728882,2858.5,10.72000027,518.12103271,41.59431458,14.23263073,248.39999390000003,11,30.64982796,0,69.35017395,-,-,46.27450943,46.66666794,-,-,37.64706039,13,85.81600189,284,321,198.99800109999998,51.94799805,52,24.34228134,35.55882263,,,,,,,,,,,,,,,,,,,,,,,,,Angelo
Thu Oct 03 23:02:38 GMT+02:00 2019,03-ott-2019 23:02:37.801,14.23224326,41.59420401,17.69,10.72,519.0167846679689,248.1,2.85516357,7.16169739,7.92645264,0.11084607,-9.37460804,93.72549438,-,181.2480011,16.51248741,0,6.05589676,14.67173481,6.8156848,-,-,-,0,182.70980835,11.24399948,1.79987681,281.41299438,2424,10.72000027,519.01678467,41.59420395,14.23224354,248.10000609999997,11,30.48754883,0,69.51245117,-,-,7.84313726,7.84313726,-,-,0,13,85.81600189,286,323,200.51400757,63.68400192,66,24.62000084,35.85437012,,,,,,,,,,,,,,,,,,,,,,,,,Angelo
Thu Oct 03 23:02:39 GMT+02:00 2019,03-ott-2019 23:02:39.324,14.23206543,41.59412799,16.57,10.72,518.3905029296875,246.3,3.48243713,6.00289917,7.22735596,0.01540723,-9.38871956,0,-,8.47399521,16.51170731,11.80056381,6.05618238,14.62985802,6.83519411,-,-,-,312.12469482,184.07208252,5.68400192,1.82598567,281.43911743,2299.5,10.72000027,518.39050293,41.59412766,14.232065200000001,246.30000305,11,30.32655907,0,69.67343903,-,-,7.84313726,7.84313726,-,-,0,13,85.81600189,287,324,202.03399658,59.65199661,58,24.84105873,36.06730652,,,,,,,,,,,,,,,,,,,,,,,,,Angelo
Thu Oct 03 23:02:41 GMT+02:00 2019,03-ott-2019 23:02:40.690,14.23176561,41.59402113,12.88,10.72,517.9723510742189,243.5,3.45132446,6.60145569,7.23931885,0.03728618,-9.38871956,0,-,181.2480011,16.51186752,0,6.05612373,14.65356922,6.82413387,-,-,-,0,182.15466309,8.35199738,1.84771585,281.46084595,1696.5,10.72000027,517.97235107,41.59402084,14.23176575,243.5,13,30.1830101,0,69.81698608,-,-,7.84313726,7.84313726,-,-,0,13,85.81600189,289,325,203.40299988,46.36800003,45,24.97368431,36.1523819,,,,,,,,,,,,,,,,,,,,,,,,,Angelo
Thu Oct 03 23:02:42 GMT+02:00 2019,03-ott-2019 23:02:42.059,14.23165419,41.59398104,11.05,10.72,517.102294921875,243.8,6.31956482,6.35006714,3.07580566,-0.01544368,-9.38871956,0,-,181.2480011,16.51202774,0,6.05606508,14.67696571,6.81325531,-,-,-,0,180.27677917,10.36800003,1.8631283,281.47625732,2278,10.72000027,517.10229492,41.593982700000005,14.23165417,243.80000305,13,30.04071045,0,69.95928955,-,-,7.84313726,7.84313726,-,-,0,13,85.81600189,290,327,204.772995,39.77999878,36,25.04575157,36.15094376,,,,,,,,,,,,,,,,,,,,,,,,,Angelo
Thu Oct 03 23:02:44 GMT+02:00 2019,03-ott-2019 23:02:44.188,14.23149277,41.59393529,7.87,10.72,515.5346069335939,278.4,3.79847717,9.07466125,1.49324036,0.04001861,-9.38871956,38.03921509,-,181.2480011,16.51218796,0,6.05600643,14.70005417,6.80255461,-,-,-,0,178.43721008,2.5720005,1.87550545,281.48864746,1723.5,10.72000027,515.53460693,41.59393692,14.231492999999999,278.39999389999997,13,29.8227272,0,70.17726898,-,-,43.92156982,43.92156982,-,-,34.11764908,13,85.81600189,292,328,206.89700317,28.33199883,29,25.0714283,36.08411026,,,,,,,,,,,,,,,,,,,,,,,,,Angelo
Thu Oct 03 23:02:47 GMT+02:00 2019,03-ott-2019 23:02:46.813,14.23120262,41.59411408,11.06,10.72,513.6365966796875,303.8,0.58067322,7.5663146999999995,7.62957764,0.11593062,-9.4064045,7.05882359,-,5.44636536,16.51111603,18.36048698,6.05639982,14.63917446,6.8308444,-,-,-,485.634552,181.54022217,5.53600311,1.90592217,281.51904297,2622,10.72000027,513.63659668,41.5941124,14.23120308,303.79998779,13,29.55725861,0,70.44274139,-,-,7.84313726,7.84313726,-,-,0,13,85.81600189,295,332,209.52600098,39.81600189,46,25.20645142,36.17592621,,,,,,,,,,,,,,,,,,,,,,,,,Angelo
Thu Oct 03 23:02:48 GMT+02:00 2019,03-ott-2019 23:02:48.309,14.23109434,41.59415192,9.97,10.72,514.1318969726561,295.8,-1.35862732,7.78897095,5.20664978,-0.01421824,-9.41358852,30.98039246,-,85.78730774,16.51127625,1.16564929,6.05634117,14.66220093,6.82011652,-,-,-,30.83140373,180.03312683,3.81600189,1.92675245,281.53988647,2188,10.72000027,514.13189697,41.59415054,14.23109436,295.79998779,13,29.40839577,0,70.59160614,-,-,27.05882454,25.88235283,-,-,16.86274529,13,85.81600189,296,333,211.02099609,35.89199829,36,25.27564049,36.17431259,,,,,,,,,,,,,,,,,,,,,,,,,Angelo
Thu Oct 03 23:02:50 GMT+02:00 2019,03-ott-2019 23:02:49.677,14.23088221,41.59416872,8.54,10.72,514.833251953125,252.8,-1.60044861,6.12260437,4.38064575,0.08888323,-9.41888905,75.29412079,-,16.36081123,16.51126099,6.11203909,6.05634642,14.67323112,6.81499004,-,-,-,161.66331482,179.85125732,5.72800064,1.94252241,281.55566406,2405.5,10.72000027,514.83325195,41.59416962,14.23088264,252.80000305,13,29.27338791,0,70.72660828,-,-,26.27450943,26.27450943,-,-,17.25490189,13,85.81600189,298,334,212.38999939,30.74399948,40,25.36942673,36.20909119,,,,,,,,,,,,,,,,,,,,,,,,,Angelo
Thu Oct 03 23:02:51 GMT+02:00 2019,03-ott-2019 23:02:51.028,14.23072866,41.5941221,10.71,10.72,514.7192993164061,232.0,1.6293335,7.537582400000001,4.96003723,0.01076191,-9.43229866,45.88235474,-,4.56016111,16.51010323,21.92859268,6.05677128,14.6079855,6.84542847,-,-,-,580.01086426,183.77438354,17.25600052,1.95927906,281.57241821,2873,10.72000027,514.71929932,41.59412384,14.2307291,232.0,13,29.14136505,0,70.85863495,-,-,8.23529434,7.84313726,-,-,0,13,85.81600189,299,336,213.74099731,38.55599976,48,25.51265907,36.31531525,,,,,,,,,,,,,,,,,,,,,,,,,Angelo
Thu Oct 03 23:02:52 GMT+02:00 2019,03-ott-2019 23:02:52.116,14.23062933,41.5940547,10.9,10.72,514.8623046875,221.1,2.57983398,6.40512085,5.97039795,-0.10336694,-9.43778229,0,-,14.47310448,16.50990486,6.90922356,6.05684376,14.60712051,6.84583378,-,-,-,182.74884033,183.76443481,12.76000214,1.97802901,281.59115601,1996,10.72000027,514.86230469,41.59405518,14.23062897,221.10000609999997,13,29.03581047,0,70.96418762,-,-,7.84313726,7.84313726,-,-,0,13,85.81600189,300,337,214.83000183,39.23999786,52,25.679245,36.4553566,,,,,,,,,,,,,,,,,,,,,,,,,Angelo
Thu Oct 03 23:02:56 GMT+02:00 2019,03-ott-2019 23:02:55.894,14.23025093,41.59369618,10.85,11.792,513.6639404296875,216.7,2.66841125,6.63258362,5.73097229,0.00412492,-9.43778229,0,-,181.2480011,16.51006508,0,6.05678511,14.62975597,6.83524179,-,-,-,0,181.99746704,7.40400314,1.9928782,281.60601807,1955.5,11.79199982,513.66394043,41.59369659,14.23025131,216.69999695,11,28.67584229,0,71.32415771,-,-,7.84313726,7.84313726,-,-,0,13,85.81600189,304,340,218.60400391,39.06000137,51,25.83749962,36.58407211,,,,,,,,,,,,,,,,,,,,,,,,,Angelo
Thu Oct 03 23:02:58 GMT+02:00 2019,03-ott-2019 23:02:57.517,14.23016736,41.59358404,7.15,11.792,508.2471923828125,197.8,3.57342529,8.00924683,4.71583557,0.05901645,-9.43778229,23.52941132,-,181.2480011,16.5102253,0,6.05672646,14.65210629,6.82481527,-,-,-,0,180.26416016,9.81999969,2.03650093,281.64962769,875.5,11.79199982,508.24719238,41.59358215,14.23016739,197.80000305,12,28.523489,0,71.47650909,-,-,7.84313726,7.84313726,-,-,0,13,85.81600189,306,342,220.22999573,25.73999977,26,25.83850861,36.4912262,,,,,,,,,,,,,,,,,,,,,,,,,Angelo
Thu Oct 03 23:02:59 GMT+02:00 2019,03-ott-2019 23:02:58.889,14.23013311,41.59352336,7.08,11.792,508.8310546875,195.6,2.49603271,6.77622986,7.0741271999999995,-0.00152564,-9.43878365,23.52941132,-,75.86550903,16.51038551,1.31809461,6.0566678,14.67417622,6.81455088,-,-,-,34.8635788,178.89245605,0.26000023,2.04637361,281.65951538,809.5,11.79199982,508.83105469,41.59352493,14.23013306,195.6000061,13,28.39637566,0,71.60362244,-,-,7.84313726,7.84313726,-,-,0,13,85.81600189,307,344,221.60000609999997,25.48799896,26,25.83950615,36.40000153,,,,,,,,,,,,,,,,,,,,,,,,,Angelo
Thu Oct 03 23:03:00 GMT+02:00 2019,03-ott-2019 23:03:00.259,14.23011373,41.59345865,7.04,11.792,509.4307861328125,194.7,2.12492371,5.75630188,8.44839478,0.07131498,-9.43967915,24.70588303,-,79.18131256,16.51054573,1.26289797,6.05660915,14.69597149,6.80444431,-,-,-,33.4036293,177.53274536,0.48799896,2.0560708,281.66918945,782,11.79199982,509.43078613,41.59346008,14.23011398,194.69999695,13,28.27020454,0,71.72979736,-,-,7.84313726,7.84313726,-,-,0,13,85.81600189,308,345,222.97200012,25.34399986,25,25.83435631,36.30172348,,,,,,,,,,,,,,,,,,,,,,,,,Angelo
Thu Oct 03 23:03:02 GMT+02:00 2019,03-ott-2019 23:03:01.633,14.23011549,41.59338029999999,4.74,11.792,509.7609252929688,170.6,2.25660706,6.04121399,6.99511719,0.01093736,-9.44056416,26.27450943,-,73.99240112,16.51070595,1.35146201,6.0565505,14.71749687,6.79449224,-,-,-,35.74614716,176.21990967,9.34399986,2.0638721,281.67700195,783,11.79199982,509.76092529,41.59337997,14.23011589,170.6000061,13,28.14542389,0,71.85457611,-,-,7.84313726,7.84313726,-,-,0,13,85.81600189,310,346,224.34100342,17.06399918,16,25.77439117,36.12820435,,,,,,,,,,,,,,,,,,,,,,,,,Angelo
Thu Oct 03 23:03:03 GMT+02:00 2019,03-ott-2019 23:03:02.999,14.23013389,41.59334264,4.2,11.792,509.922119140625,156.2,2.67799377,6.86003113,6.65992737,0.01249921,-9.44145679,27.84313774,-,44.56445694,16.51086426,2.2438941,6.05649185,14.73875809,6.78469086,-,-,-,59.35095596,175.14770508,7.06399918,2.06881571,281.6819458,779,11.79199982,509.92211914,41.59334183,14.23013401,156.19999695,12,28.02146912,0,71.97853088,-,-,7.84313726,7.84313726,-,-,0,13,85.81600189,311,348,225.71299744,15.11999893,10,25.67878723,35.90678024,,,,,,,,,,,,,,,,,,,,,,,,,Angelo
Thu Oct 03 23:03:06 GMT+02:00 2019,03-ott-2019 23:03:05.751,14.23011038,41.59333527,0.0,10.72,510.0435791015625,0.0,1.95254517,7.595047,5.50592041,-0.01954276,-9.4423542,26.27450943,-,26.58262444,16.51184082,3.76177764,6.05613422,14.81142044,6.75140667,-,-,-,-,175.14770508,10.79999924,2.06881571,281.6819458,778,10.72000027,510.04357910000004,41.5933342,14.23011017,0.0,12,28.5277462,0,71.47225189,-,-,0,0,-,-,0,13,88.17800140000001,314,349,226.102005,0.0,0,25.52409554,35.90678024,,,,,,,,,,,,,,,,,,,,,,,,,Angelo
Thu Oct 03 23:03:08 GMT+02:00 2019,03-ott-2019 23:03:07.519,14.23013155,41.59333626,0.24,10.72,508.2459716796875,156.4,1.93818665,7.49449158,5.34790039,-0.01697221,-9.44263363,0,-,0,16.51176453,-,6.05616188,14.80711937,6.75336742,-,-,-,-,175.14770508,0,2.06881571,281.6819458,0,10.72000027,508.24597168,41.59333801,14.23013115,156.3999939,11,28.9277935,0,71.07220459,-,-,0,0,-,-,0,13,89.94699859999999,316,349,226.102005,0.86399996,0,25.37125778,35.90678024,,,,,,,,,,,,,,,,,,,,,,,,,Angelo
Thu Oct 03 23:03:09 GMT+02:00 2019,03-ott-2019 23:03:08.889,14.23013309,41.59333195,0.29,10.72,508.7686767578125,156.3,4.28210449,7.77700806,5.15875244,-0.07829073,-9.44263363,0,-,0,16.51168823,-,6.05619001,14.80284595,6.75531721,-,-,-,-,175.14770508,0.86399996,2.06881571,281.6819458,0,10.72000027,508.76867676,41.59333038,14.23013306,156.30000305,12,29.23432159,0,70.76567841,-,-,0,0,-,-,0,13,91.31600189,317,349,226.102005,1.04399991,0,25.22023773,35.90678024,,,,,,,,,,,,,,,,,,,,,,,,,Angelo
Thu Oct 03 23:03:10 GMT+02:00 2019,03-ott-2019 23:03:10.259,14.23011347,41.59334576,0.25,10.72,508.1287841796875,154.2,-7.07598877,7.27183533,5.02468872,0.0549241,-9.44263363,0,-,0,16.51161194,-,6.05621767,14.79859924,6.75725555,-,-,-,-,175.14770508,1.04399991,2.06881571,281.6819458,0,10.72000027,508.12878418,41.59334564,14.23011303,154.19999695,12,29.53821754,0,70.46178436,-,-,0,0,-,-,0,13,92.68499756,318,349,226.102005,0.89999998,0,25.07100677,35.90678024,,,,,,,,,,,,,,,,,,,,,,,,,Angelo
Thu Oct 03 23:03:12 GMT+02:00 2019,03-ott-2019 23:03:11.439,14.23010204,41.5933358,0.0,10.72,509.0657958984375,0.0,-6.51335144,4.70524597,3.65519714,-0.0199028,-9.44263363,0,-,0,16.51153564,-,6.0562458,14.79438019,6.75918293,-,-,-,-,175.14770508,0.93599993,2.06881571,281.6819458,0,10.72000027,509.06579589999996,41.5933342,14.23010159,0.0,12,29.79829216,0,70.20170593,-,-,0,0,-,-,0,13,93.86599731,319,349,226.102005,0.0,0,24.92352867,35.90678024,,,,,,,,,,,,,,,,,,,,,,,,,Angelo
Thu Oct 03 23:03:13 GMT+02:00 2019,03-ott-2019 23:03:12.766,14.23010275,41.59333595,0.0,10.72,508.80419921875,0.0,2.34519958,-6.97605896,4.35191345,0.08894233,-9.44263363,0,-,0,16.51145935,-,6.05627346,14.79018688,6.76109934,-,-,-,-,175.14770508,0,2.06881571,281.6819458,0,10.72000027,508.80419922,41.5933342,14.23010254,0.0,12,30.0884552,0,69.9115448,-,-,0,0,-,-,0,13,95.19400024,321,349,226.102005,0.0,0,24.77777863,35.90678024,,,,,,,,,,,,,,,,,,,,,,,,,Angelo
Thu Oct 03 23:03:15 GMT+02:00 2019,03-ott-2019 23:03:14.712,14.23009909,41.59333311,0.43,10.72,509.6754150390625,185.0,2.29013062,-9.18112183,3.28410339,0.04001302,-9.44263363,0,-,0,16.51138306,-,6.05630159,14.78601933,6.76300478,-,-,-,-,175.14770508,0,2.06881571,281.6819458,0,10.72000027,509.67541504,41.5933342,14.23009872,185.0,12,30.5086956,0,69.49130249,-,-,0,0,-,-,0,13,97.13700104,323,349,226.102005,1.54799998,0,24.6337204,35.90678024,,,,,,,,,,,,,,,,,,,,,,,,,Angelo
Thu Oct 03 23:03:17 GMT+02:00 2019,03-ott-2019 23:03:16.688,14.23009069,41.59333634,0.0,11.792,509.06591796875,0.0,2.24703979,-8.47723389,6.09968567,0.11637346,-9.44263363,0,-,0,16.51130867,-,6.05632925,14.78187752,6.76489973,-,-,-,-,175.14770508,1.61999989,2.06881571,281.6819458,0,11.79199982,509.06591797,41.59333801,14.23009109,0.0,10,30.93156052,0,69.0684433,-,-,0,0,-,-,0,13,99.11599731,325,349,226.102005,0.0,0,24.49132919,35.90678024,,,,,,,,,,,,,,,,,,,,,,,,,Angelo
Thu Oct 03 23:03:18 GMT+02:00 2019,03-ott-2019 23:03:18.330,14.23008707,41.59334838,1.42,11.792,508.821533203125,333.2,0.67883301,-13.35421753,6.30079651,0.08104493,-9.44263363,0,-,0,16.51123238,-,6.05635738,14.77776146,6.76678419,-,-,-,-,175.14770508,0,2.06881571,281.6819458,0,11.79199982,508.8215331999999,41.59334946,14.23008728,333.20001221,10,31.27831841,0,68.72167969,-,-,0,0,-,-,0,13,100.75700378,326,349,226.102005,5.11199951,0,24.35057449,35.90678024,,,,,,,,,,,,,,,,,,,,,,,,,Angelo
Thu Oct 03 23:03:20 GMT+02:00 2019,03-ott-2019 23:03:19.517,14.230058999999999,41.59336957,1.53,9.648000999999999,506.54034423828125,298.8,0.60940552,-9.087753300000001,6.695831299999999,0.05677494,-9.44263363,0,-,0,16.51115608,-,6.05638552,14.7736702,6.76865816,-,-,-,-,175.14770508,5.72399998,2.06881571,281.6819458,0,9.64800072,506.54034424,41.59336853,14.23005867,298.79998779,11,31.52698135,0,68.47302246,-,-,0,0,-,-,0,13,101.94400024,328,349,226.102005,5.507999900000001,0,24.21142769,35.90678024,,,,,,,,,,,,,,,,,,,,,,,,,Angelo
Thu Oct 03 23:03:23 GMT+02:00 2019,03-ott-2019 23:03:23.118,14.23002417,41.59336543,1.36,9.648000999999999,503.5894775390625,251.9,0.2454834,-16.57202148,4.56739807,0.7714631,-9.44263363,0,-,0,16.51107979,-,6.05641317,14.76960278,6.77052164,-,-,-,-,175.14770508,5.5079999,2.06881571,281.6819458,0,9.64800072,503.58947754,41.59336472,14.23002434,251.89999390000003,14,32.27025223,0,67.72975159,-,-,0,0,-,-,0,13,105.54399872,331,349,226.102005,4.89599991,0,24.07386398,35.90678024,,,,,,,,,,,,,,,,,,,,,,,,,Angelo
Thu Oct 03 23:03:25 GMT+02:00 2019,03-ott-2019 23:03:25.170,14.23002211,41.59337315,1.32,9.648000999999999,504.2879638671875,325.9,-0.48953247,-13.0884552,7.45957947,0.1448821,-9.44263363,0,-,0,16.51100349,-,6.05644131,14.7655611,6.77237511,-,-,-,-,175.14770508,4.7159996,2.06881571,281.6819458,0,9.64800072,504.28796387,41.59337234,14.23002243,325.89999389999997,15,32.68674088,0,67.31326294,-,-,0,0,-,-,0,13,107.59600067,333,349,226.102005,4.75199986,0,23.93785286,35.90678024,,,,,,,,,,,,,,,,,,,,,,,,,Angelo
Thu Oct 03 23:03:27 GMT+02:00 2019,03-ott-2019 23:03:26.665,14.230031099999998,41.59339373,1.34,9.648000999999999,503.060302734375,353.0,1.36117554,-14.71891785,6.40853882,0.15327461,-9.44263363,0,-,0,16.5109272,-,6.05646896,14.76154327,6.77421856,-,-,-,-,175.14770508,4.82399988,2.06881571,281.6819458,0,9.64800072,503.06030273,41.59339523,14.23003101,353.0,14,32.98736572,0,67.01263428,-,-,0,0,-,-,0,13,109.09300232,335,349,226.102005,4.82399988,0,23.80337143,35.90678024,,,,,,,,,,,,,,,,,,,,,,,,,Angelo
Thu Oct 03 23:03:28 GMT+02:00 2019,03-ott-2019 23:03:28.166,14.230039999999999,41.5934076,1.37,9.648000999999999,504.0096435546875,1.2,-1.82070923,6.18486023,7.82829285,-0.06561407,-9.44263363,0,-,0,16.51085091,-,6.0564971,14.75754929,6.776052,-,-,-,-,175.14770508,4.82399988,2.06881571,281.6819458,0,9.64800072,504.00964355,41.59340668,14.230039600000001,1.20000005,14,33.28610992,0,66.71389008,-,-,0,0,-,-,0,13,110.59400177,336,349,226.102005,4.93199968,0,23.67039108,35.90678024,,,,,,,,,,,,,,,,,,,,,,,,,Angelo
Thu Oct 03 23:03:30 GMT+02:00 2019,03-ott-2019 23:03:29.469,14.23006568,41.59343472,1.4,9.648000999999999,502.8951416015625,11.2,-1.61242676,5.25830078,8.72372437,0.02390887,-9.44263363,0,-,0,16.51077461,-,6.05652475,14.75357914,6.77787542,-,-,-,-,175.14770508,5.07599974,2.06881571,281.6819458,0,9.64800072,502.89514160000004,41.59343338,14.23006535,11.19999981,14,33.543293,0,66.45670319,-,-,0,0,-,-,0,13,111.89700317,337,349,226.102005,5.03999996,0,23.53888893,35.90678024,,,,,,,,,,,,,,,,,,,,,,,,,Angelo
